params_json,pretax_cagr,aftertax_cagr,pretax_mdd,mdd_pass,is_aftertax_cagr,oos_aftertax_cagr,oos_retention,oos_pass,total_tax_paid_krw,rows,trial_id,family,candidate_id,turnover,aftertax_mdd,baseline_aftertax_cagr,baseline_pretax_mdd,delta_cagr,delta_mdd,strict_pass
"{""dist200_enter"": 100.8, ""dist200_exit"": 99.8, ""overheat1_enter"": 139.0, ""overheat2_enter"": 146.0, ""overheat3_enter"": 149.0, ""overheat4_enter"": 151.0, ""slope_thr"": 0.1, ""tp10_cap"": 0.94, ""tp10_trigger"": 0.09, ""vol_threshold"": 0.058}",0.4007876053602177,0.3714208660192422,-0.3989359395495149,True,0.4109982415918467,0.2903995331683418,0.7065712301921018,True,3612409625.530177,3673,coarse_0001,phase2_core,coarse_0001,,,0.3859792803756308,-0.40467363761426745,-0.014558414356388605,0.00573769806475255,False
"{""dist200_enter"": 100.8, ""dist200_exit"": 99.8, ""overheat1_enter"": 139.0, ""overheat2_enter"": 146.0, ""overheat3_enter"": 149.0, ""overheat4_enter"": 151.0, ""slope_thr"": 0.1, ""tp10_cap"": 0.96, ""tp10_trigger"": 0.09, ""vol_threshold"": 0.058}",0.4072200253880162,0.3777426342111136,-0.4031101306642578,True,0.4173975214577299,0.2965641059642778,0.7105075874158276,True,3859139117.639174,3673,coarse_0002,phase2_core,coarse_0002,,,0.3859792803756308,-0.40467363761426745,-0.008236646164517192,0.0015635069500096188,False
"{""dist200_enter"": 100.8, ""dist200_exit"": 99.8, ""overheat1_enter"": 139.0, ""overheat2_enter"": 146.0, ""overheat3_enter"": 149.0, ""overheat4_enter"": 151.0, ""slope_thr"": 0.1, ""tp10_cap"": 0.94, ""tp10_trigger"": 0.11, ""vol_threshold"": 0.058}",0.4003670160678065,0.371073065919862,-0.3990738908779397,True,0.4111988189142808,0.2888814915394988,0.7025348280480338,True,3589870095.33747,3673,coarse_0003,phase2_core,coarse_0003,,,0.3859792803756308,-0.40467363761426745,-0.014906214455768785,0.0055997467363277376,False
"{""dist200_enter"": 100.8, ""dist200_exit"": 99.8, ""overheat1_enter"": 139.0, ""overheat2_enter"": 146.0, ""overheat3_enter"": 149.0, ""overheat4_enter"": 151.0, ""slope_thr"": 0.1, ""tp10_cap"": 0.96, ""tp10_trigger"": 0.11, ""vol_threshold"": 0.058}",0.4069349199088674,0.377506484368886,-0.4032002196835875,True,0.417530100001783,0.2955407161049845,0.7078309230968557,True,3842916095.124993,3673,coarse_0004,phase2_core,coarse_0004,,,0.3859792803756308,-0.40467363761426745,-0.008472796006744776,0.0014734179306799544,False
"{""dist200_enter"": 100.8, ""dist200_exit"": 99.8, ""overheat1_enter"": 139.0, ""overheat2_enter"": 146.0, ""overheat3_enter"": 149.0, ""overheat4_enter"": 151.0, ""slope_thr"": 0.12, ""tp10_cap"": 0.94, ""tp10_trigger"": 0.09, ""vol_threshold"": 0.058}",0.3970040246582234,0.3677276765200969,-0.3989359395495149,True,0.4109982415918467,0.2788535857997276,0.6784787806383147,False,3471639381.142973,3673,coarse_0005,phase2_core,coarse_0005,,,0.3859792803756308,-0.40467363761426745,-0.01825160385553387,0.00573769806475255,False
"{""dist200_enter"": 100.8, ""dist200_exit"": 99.8, ""overheat1_enter"": 139.0, ""overheat2_enter"": 146.0, ""overheat3_enter"": 149.0, ""overheat4_enter"": 151.0, ""slope_thr"": 0.12, ""tp10_cap"": 0.96, ""tp10_trigger"": 0.09, ""vol_threshold"": 0.058}",0.4032559161308919,0.373872307017937,-0.4031101306642578,True,0.4173975214577299,0.2844639994150413,0.6815181806101097,False,3702514453.281031,3673,coarse_0006,phase2_core,coarse_0006,,,0.3859792803756308,-0.40467363761426745,-0.012106973357693784,0.0015635069500096188,False
"{""dist200_enter"": 100.8, ""dist200_exit"": 99.8, ""overheat1_enter"": 139.0, ""overheat2_enter"": 146.0, ""overheat3_enter"": 149.0, ""overheat4_enter"": 151.0, ""slope_thr"": 0.12, ""tp10_cap"": 0.94, ""tp10_trigger"": 0.11, ""vol_threshold"": 0.058}",0.3965897329925789,0.3673859284285174,-0.3990738908779397,True,0.4111988189142808,0.2773650542005657,0.6745278474605387,False,3450154853.3545613,3673,coarse_0007,phase2_core,coarse_0007,,,0.3859792803756308,-0.40467363761426745,-0.018593351947113368,0.0055997467363277376,False
"{""dist200_enter"": 100.8, ""dist200_exit"": 99.8, ""overheat1_enter"": 139.0, ""overheat2_enter"": 146.0, ""overheat3_enter"": 149.0, ""overheat4_enter"": 151.0, ""slope_thr"": 0.12, ""tp10_cap"": 0.96, ""tp10_trigger"": 0.11, ""vol_threshold"": 0.058}",0.402975191449191,0.3736403643742008,-0.4032002196835875,True,0.417530100001783,0.2834611964475895,0.6789000276779542,False,3687080449.8693976,3673,coarse_0008,phase2_core,coarse_0008,,,0.3859792803756308,-0.40467363761426745,-0.01233891600143,0.0014734179306799544,False
"{""dist200_enter"": 100.8, ""dist200_exit"": 100.0, ""overheat1_enter"": 139.0, ""overheat2_enter"": 146.0, ""overheat3_enter"": 149.0, ""overheat4_enter"": 151.0, ""slope_thr"": 0.1, ""tp10_cap"": 0.94, ""tp10_trigger"": 0.09, ""vol_threshold"": 0.058}",0.3997047713362636,0.3703638602553958,-0.3989359395495149,True,0.4094512679598063,0.2903852202603225,0.7092058151565624,True,3571592936.399575,3673,coarse_0009,phase2_core,coarse_0009,,,0.3859792803756308,-0.40467363761426745,-0.01561542012023498,0.00573769806475255,False
"{""dist200_enter"": 100.8, ""dist200_exit"": 100.0, ""overheat1_enter"": 139.0, ""overheat2_enter"": 146.0, ""overheat3_enter"": 149.0, ""overheat4_enter"": 151.0, ""slope_thr"": 0.1, ""tp10_cap"": 0.96, ""tp10_trigger"": 0.09, ""vol_threshold"": 0.058}",0.4061313193926574,0.3766796440755278,-0.4031101306642578,True,0.4158416173798327,0.2965503592062377,0.7131329496907148,True,3815524550.54139,3673,coarse_0010,phase2_core,coarse_0010,,,0.3859792803756308,-0.40467363761426745,-0.009299636300102998,0.0015635069500096188,False
"{""dist200_enter"": 100.8, ""dist200_exit"": 100.0, ""overheat1_enter"": 139.0, ""overheat2_enter"": 146.0, ""overheat3_enter"": 149.0, ""overheat4_enter"": 151.0, ""slope_thr"": 0.1, ""tp10_cap"": 0.94, ""tp10_trigger"": 0.11, ""vol_threshold"": 0.058}",0.3992840767254897,0.3700159298846452,-0.3990738908779397,True,0.4096510362577481,0.2888672014487916,0.7051543286394604,True,3549288912.1699195,3673,coarse_0011,phase2_core,coarse_0011,,,0.3859792803756308,-0.40467363761426745,-0.015963350490985573,0.0055997467363277376,False
"{""dist200_enter"": 100.8, ""dist200_exit"": 100.0, ""overheat1_enter"": 139.0, ""overheat2_enter"": 146.0, ""overheat3_enter"": 149.0, ""overheat4_enter"": 151.0, ""slope_thr"": 0.1, ""tp10_cap"": 0.96, ""tp10_trigger"": 0.11, ""vol_threshold"": 0.058}",0.405846147218071,0.3764434097534879,-0.4032002196835875,True,0.4159736571488748,0.2955269819008328,0.71044638722174,True,3799471376.835527,3673,coarse_0012,phase2_core,coarse_0012,,,0.3859792803756308,-0.40467363761426745,-0.009535870622142895,0.0014734179306799544,False
"{""dist200_enter"": 100.8, ""dist200_exit"": 100.0, ""overheat1_enter"": 139.0, ""overheat2_enter"": 146.0, ""overheat3_enter"": 149.0, ""overheat4_enter"": 151.0, ""slope_thr"": 0.12, ""tp10_cap"": 0.94, ""tp10_trigger"": 0.09, ""vol_threshold"": 0.058}",0.3959241235886921,0.3666736502399463,-0.3989359395495149,True,0.4094512679598063,0.2788398157712244,0.6810085536201017,False,3432400756.9657874,3673,coarse_0013,phase2_core,coarse_0013,,,0.3859792803756308,-0.40467363761426745,-0.01930563013568448,0.00573769806475255,False
"{""dist200_enter"": 100.8, ""dist200_exit"": 100.0, ""overheat1_enter"": 139.0, ""overheat2_enter"": 146.0, ""overheat3_enter"": 149.0, ""overheat4_enter"": 151.0, ""slope_thr"": 0.12, ""tp10_cap"": 0.96, ""tp10_trigger"": 0.09, ""vol_threshold"": 0.058}",0.4021702850903512,0.3728124323864856,-0.4031101306642578,True,0.4158416173798327,0.2844507843985504,0.6840363554538867,False,3660657108.232538,3673,coarse_0014,phase2_core,coarse_0014,,,0.3859792803756308,-0.40467363761426745,-0.013166847989145192,0.0015635069500096188,False
"{""dist200_enter"": 100.8, ""dist200_exit"": 100.0, ""overheat1_enter"": 139.0, ""overheat2_enter"": 146.0, ""overheat3_enter"": 149.0, ""overheat4_enter"": 151.0, ""slope_thr"": 0.12, ""tp10_cap"": 0.94, ""tp10_trigger"": 0.11, ""vol_threshold"": 0.058}",0.3955097229538393,0.3663317690530707,-0.3990738908779397,True,0.4096510362577481,0.2773513086268158,0.6770428586254308,False,3411140530.259761,3673,coarse_0015,phase2_core,coarse_0015,,,0.3859792803756308,-0.40467363761426745,-0.019647511322560096,0.0055997467363277376,False
"{""dist200_enter"": 100.8, ""dist200_exit"": 100.0, ""overheat1_enter"": 139.0, ""overheat2_enter"": 146.0, ""overheat3_enter"": 149.0, ""overheat4_enter"": 151.0, ""slope_thr"": 0.12, ""tp10_cap"": 0.96, ""tp10_trigger"": 0.11, ""vol_threshold"": 0.058}",0.4018894911698145,0.3725804032757349,-0.4032002196835875,True,0.4159736571488748,0.2834479950946269,0.681408522446849,False,3645384562.0668826,3673,coarse_0016,phase2_core,coarse_0016,,,0.3859792803756308,-0.40467363761426745,-0.0133988770998959,0.0014734179306799544,False
"{""dist200_enter"": 101.2, ""dist200_exit"": 99.8, ""overheat1_enter"": 139.0, ""overheat2_enter"": 146.0, ""overheat3_enter"": 149.0, ""overheat4_enter"": 151.0, ""slope_thr"": 0.1, ""tp10_cap"": 0.94, ""tp10_trigger"": 0.09, ""vol_threshold"": 0.058}",0.4009301497720834,0.3715568435207641,-0.3989305665381217,True,0.4099571710949148,0.2930511286280624,0.7148335223540073,True,3618151483.969053,3673,coarse_0017,phase2_core,coarse_0017,,,0.3859792803756308,-0.40467363761426745,-0.01442243685486666,0.005743071076145745,False
"{""dist200_enter"": 101.2, ""dist200_exit"": 99.8, ""overheat1_enter"": 139.0, ""overheat2_enter"": 146.0, ""overheat3_enter"": 149.0, ""overheat4_enter"": 151.0, ""slope_thr"": 0.1, ""tp10_cap"": 0.96, ""tp10_trigger"": 0.09, ""vol_threshold"": 0.058}",0.4073646279299077,0.3778808570169345,-0.4031049406457873,True,0.4163518284851122,0.2992332325555158,0.7187028183454122,True,3865302091.165112,3673,coarse_0018,phase2_core,coarse_0018,,,0.3859792803756308,-0.40467363761426745,-0.00809842335869626,0.0015686969684801655,False
"{""dist200_enter"": 101.2, ""dist200_exit"": 99.8, ""overheat1_enter"": 139.0, ""overheat2_enter"": 146.0, ""overheat3_enter"": 149.0, ""overheat4_enter"": 151.0, ""slope_thr"": 0.1, ""tp10_cap"": 0.94, ""tp10_trigger"": 0.11, ""vol_threshold"": 0.058}",0.4005091758176964,0.3712086897988935,-0.3990685139132837,True,0.4101576940767375,0.2915287609796475,0.7107723814272874,True,3595562655.5713096,3673,coarse_0019,phase2_core,coarse_0019,,,0.3859792803756308,-0.40467363761426745,-0.014770590576737297,0.005605123700983761,False
"{""dist200_enter"": 101.2, ""dist200_exit"": 99.8, ""overheat1_enter"": 139.0, ""overheat2_enter"": 146.0, ""overheat3_enter"": 149.0, ""overheat4_enter"": 151.0, ""slope_thr"": 0.1, ""tp10_cap"": 0.96, ""tp10_trigger"": 0.11, ""vol_threshold"": 0.058}",0.4070792661236344,0.3776444715917135,-0.4031950270401677,True,0.4164843698884124,0.2982069376767755,0.7160099135453111,True,3849043583.954045,3673,coarse_0020,phase2_core,coarse_0020,,,0.3859792803756308,-0.40467363761426745,-0.008334808783917291,0.001478610574099759,False
"{""dist200_enter"": 101.2, ""dist200_exit"": 99.8, ""overheat1_enter"": 139.0, ""overheat2_enter"": 146.0, ""overheat3_enter"": 149.0, ""overheat4_enter"": 151.0, ""slope_thr"": 0.12, ""tp10_cap"": 0.94, ""tp10_trigger"": 0.09, ""vol_threshold"": 0.058}",0.3971461836118457,0.3678631338859115,-0.3989305665381217,True,0.4099571710949148,0.2814809751834046,0.6866106877253164,False,3477173360.429657,3673,coarse_0021,phase2_core,coarse_0021,,,0.3859792803756308,-0.40467363761426745,-0.018116146489719265,0.005743071076145745,False
"{""dist200_enter"": 101.2, ""dist200_exit"": 99.8, ""overheat1_enter"": 139.0, ""overheat2_enter"": 146.0, ""overheat3_enter"": 149.0, ""overheat4_enter"": 151.0, ""slope_thr"": 0.12, ""tp10_cap"": 0.96, ""tp10_trigger"": 0.09, ""vol_threshold"": 0.058}",0.4034001105507701,0.3740099897911151,-0.4031049406457873,True,0.4163518284851122,0.2871077427765829,0.6895796370613255,False,3708443862.327419,3673,coarse_0022,phase2_core,coarse_0022,,,0.3859792803756308,-0.40467363761426745,-0.01196929058451568,0.0015686969684801655,False
"{""dist200_enter"": 101.2, ""dist200_exit"": 99.8, ""overheat1_enter"": 139.0, ""overheat2_enter"": 146.0, ""overheat3_enter"": 149.0, ""overheat4_enter"": 151.0, ""slope_thr"": 0.12, ""tp10_cap"": 0.94, ""tp10_trigger"": 0.11, ""vol_threshold"": 0.058}",0.3967315088322203,0.3675210337367824,-0.3990685139132837,True,0.4101576940767375,0.279988189758019,0.6826354687512828,False,3455641669.432322,3673,coarse_0023,phase2_core,coarse_0023,,,0.3859792803756308,-0.40467363761426745,-0.018458246638848375,0.005605123700983761,False
"{""dist200_enter"": 101.2, ""dist200_exit"": 99.8, ""overheat1_enter"": 139.0, ""overheat2_enter"": 146.0, ""overheat3_enter"": 149.0, ""overheat4_enter"": 151.0, ""slope_thr"": 0.12, ""tp10_cap"": 0.96, ""tp10_trigger"": 0.11, ""vol_threshold"": 0.058}",0.4031191306191477,0.3737778126439823,-0.4031950270401677,True,0.4164843698884124,0.2861020850991804,0.6869455513440638,False,3692975976.448964,3673,coarse_0024,phase2_core,coarse_0024,,,0.3859792803756308,-0.40467363761426745,-0.012201467731648485,0.001478610574099759,False
"{""dist200_enter"": 101.2, ""dist200_exit"": 100.0, ""overheat1_enter"": 139.0, ""overheat2_enter"": 146.0, ""overheat3_enter"": 149.0, ""overheat4_enter"": 151.0, ""slope_thr"": 0.1, ""tp10_cap"": 0.94, ""tp10_trigger"": 0.09, ""vol_threshold"": 0.058}",0.3998472168929303,0.3704997006502462,-0.3989305665381217,True,0.4084112674668607,0.2930368418946683,0.7175043032289647,True,3577274950.2094173,3673,coarse_0025,phase2_core,coarse_0025,,,0.3859792803756308,-0.40467363761426745,-0.015479579725384607,0.005743071076145745,False
"{""dist200_enter"": 101.2, ""dist200_exit"": 100.0, ""overheat1_enter"": 139.0, ""overheat2_enter"": 146.0, ""overheat3_enter"": 149.0, ""overheat4_enter"": 151.0, ""slope_thr"": 0.1, ""tp10_cap"": 0.96, ""tp10_trigger"": 0.09, ""vol_threshold"": 0.058}",0.4062758210198189,0.3768177300404214,-0.4031049406457873,True,0.4147970023546898,0.2992195165057483,0.7213637389064058,True,3821622930.369771,3673,coarse_0026,phase2_core,coarse_0026,,,0.3859792803756308,-0.40467363761426745,-0.009161550335209379,0.0015686969684801655,False
"{""dist200_enter"": 101.2, ""dist200_exit"": 100.0, ""overheat1_enter"": 139.0, ""overheat2_enter"": 146.0, ""overheat3_enter"": 149.0, ""overheat4_enter"": 151.0, ""slope_thr"": 0.1, ""tp10_cap"": 0.94, ""tp10_trigger"": 0.11, ""vol_threshold"": 0.058}",0.3994261378690009,0.3701514168421487,-0.3990685139132837,True,0.4086109828739532,0.2915144947656463,0.7134279473236077,True,3554922140.634767,3673,coarse_0027,phase2_core,coarse_0027,,,0.3859792803756308,-0.40467363761426745,-0.01582786353348209,0.005605123700983761,False
"{""dist200_enter"": 101.2, ""dist200_exit"": 100.0, ""overheat1_enter"": 139.0, ""overheat2_enter"": 146.0, ""overheat3_enter"": 149.0, ""overheat4_enter"": 151.0, ""slope_thr"": 0.1, ""tp10_cap"": 0.96, ""tp10_trigger"": 0.11, ""vol_threshold"": 0.058}",0.4059903926838153,0.3765812602591281,-0.4031950270401677,True,0.4149290059329635,0.2981932326819814,0.718660851418418,True,3805534642.168329,3673,coarse_0028,phase2_core,coarse_0028,,,0.3859792803756308,-0.40467363761426745,-0.009398020116502703,0.001478610574099759,False
"{""dist200_enter"": 101.2, ""dist200_exit"": 100.0, ""overheat1_enter"": 139.0, ""overheat2_enter"": 146.0, ""overheat3_enter"": 149.0, ""overheat4_enter"": 151.0, ""slope_thr"": 0.12, ""tp10_cap"": 0.94, ""tp10_trigger"": 0.09, ""vol_threshold"": 0.058}",0.3960661839995494,0.3668089693138994,-0.3989305665381217,True,0.4084112674668607,0.2814672266835087,0.6891759584138984,False,3437877207.144595,3673,coarse_0029,phase2_core,coarse_0029,,,0.3859792803756308,-0.40467363761426745,-0.019170311061731393,0.005743071076145745,False
"{""dist200_enter"": 101.2, ""dist200_exit"": 100.0, ""overheat1_enter"": 139.0, ""overheat2_enter"": 146.0, ""overheat3_enter"": 149.0, ""overheat4_enter"": 151.0, ""slope_thr"": 0.12, ""tp10_cap"": 0.96, ""tp10_trigger"": 0.09, ""vol_threshold"": 0.058}",0.40231437892508,0.372949977173123,-0.4031049406457873,True,0.4147970023546898,0.2870945538301586,0.692132662966224,False,3666524528.085267,3673,coarse_0030,phase2_core,coarse_0030,,,0.3859792803756308,-0.40467363761426745,-0.01302930320250778,0.0015686969684801655,False
"{""dist200_enter"": 101.2, ""dist200_exit"": 100.0, ""overheat1_enter"": 139.0, ""overheat2_enter"": 146.0, ""overheat3_enter"": 149.0, ""overheat4_enter"": 151.0, ""slope_thr"": 0.12, ""tp10_cap"": 0.94, ""tp10_trigger"": 0.11, ""vol_threshold"": 0.058}",0.3956514004988083,0.366466736254641,-0.3990685139132837,True,0.4086109828739532,0.2799744634475787,0.6851858495784587,False,3416570307.198436,3673,coarse_0031,phase2_core,coarse_0031,,,0.3859792803756308,-0.40467363761426745,-0.019512544120989794,0.005605123700983761,False
"{""dist200_enter"": 101.2, ""dist200_exit"": 100.0, ""overheat1_enter"": 139.0, ""overheat2_enter"": 146.0, ""overheat3_enter"": 149.0, ""overheat4_enter"": 151.0, ""slope_thr"": 0.12, ""tp10_cap"": 0.96, ""tp10_trigger"": 0.11, ""vol_threshold"": 0.058}",0.4020333299198124,0.3727177136826456,-0.4031950270401677,True,0.4149290059329635,0.2860889083392208,0.6894888143477772,False,3651218452.455022,3673,coarse_0032,phase2_core,coarse_0032,,,0.3859792803756308,-0.40467363761426745,-0.013261566692985172,0.001478610574099759,False
"{""dist200_enter"": 100.8, ""dist200_exit"": 99.8, ""overheat1_enter"": 139.0, ""overheat2_enter"": 146.0, ""overheat3_enter"": 149.0, ""overheat4_enter"": 151.0, ""slope_thr"": 0.1, ""tp10_cap"": 0.94, ""tp10_trigger"": 0.09, ""vol_threshold"": 0.06}",0.4102057280939983,0.3806157587570313,-0.4021965525777491,True,0.4175361191917852,0.3053338653532487,0.7312753348004388,True,3986030820.130329,3673,coarse_0033,phase2_core,coarse_0033,,,0.3859792803756308,-0.40467363761426745,-0.005363521618599487,0.002477085036518334,False
"{""dist200_enter"": 100.8, ""dist200_exit"": 99.8, ""overheat1_enter"": 139.0, ""overheat2_enter"": 146.0, ""overheat3_enter"": 149.0, ""overheat4_enter"": 151.0, ""slope_thr"": 0.1, ""tp10_cap"": 0.96, ""tp10_trigger"": 0.09, ""vol_threshold"": 0.06}",0.4164775816655177,0.3867827987467296,-0.4063809464296113,True,0.4241463203772231,0.3105592717300907,0.7321984343843617,True,4249061636.105982,3673,coarse_0034,phase2_core,coarse_0034,,,0.3859792803756308,-0.40467363761426745,0.0008035183710988214,-0.0017073088153438665,False
"{""dist200_enter"": 100.8, ""dist200_exit"": 99.8, ""overheat1_enter"": 139.0, ""overheat2_enter"": 146.0, ""overheat3_enter"": 149.0, ""overheat4_enter"": 151.0, ""slope_thr"": 0.1, ""tp10_cap"": 0.94, ""tp10_trigger"": 0.11, ""vol_threshold"": 0.06}",0.4099431653560574,0.3804225167957833,-0.4024199999715258,True,0.4179660395346363,0.3038022385347325,0.7268586674481644,True,3967829570.349748,3673,coarse_0035,phase2_core,coarse_0035,,,0.3859792803756308,-0.40467363761426745,-0.005556763579847468,0.0022536376427416682,False
"{""dist200_enter"": 100.8, ""dist200_exit"": 99.8, ""overheat1_enter"": 139.0, ""overheat2_enter"": 146.0, ""overheat3_enter"": 149.0, ""overheat4_enter"": 151.0, ""slope_thr"": 0.1, ""tp10_cap"": 0.96, ""tp10_trigger"": 0.11, ""vol_threshold"": 0.06}",0.4162983390369388,0.3866502133241807,-0.4065266420533807,True,0.4244326552427719,0.3095273233089235,0.729273111966082,True,4235944081.0027537,3673,coarse_0036,phase2_core,coarse_0036,,,0.3859792803756308,-0.40467363761426745,0.0006709329485499183,-0.0018530044391132372,False
"{""dist200_enter"": 100.8, ""dist200_exit"": 99.8, ""overheat1_enter"": 139.0, ""overheat2_enter"": 146.0, ""overheat3_enter"": 149.0, ""overheat4_enter"": 151.0, ""slope_thr"": 0.12, ""tp10_cap"": 0.94, ""tp10_trigger"": 0.09, ""vol_threshold"": 0.06}",0.4063959134031718,0.3768959969979339,-0.4021965525777491,True,0.4175361191917852,0.2936486215868275,0.703289148146599,True,3830786428.344007,3673,coarse_0037,phase2_core,coarse_0037,,,0.3859792803756308,-0.40467363761426745,-0.009083283377696871,0.002477085036518334,False
"{""dist200_enter"": 100.8, ""dist200_exit"": 99.8, ""overheat1_enter"": 139.0, ""overheat2_enter"": 146.0, ""overheat3_enter"": 149.0, ""overheat4_enter"": 151.0, ""slope_thr"": 0.12, ""tp10_cap"": 0.96, ""tp10_trigger"": 0.09, ""vol_threshold"": 0.06}",0.4124866305151617,0.3828853470936946,-0.4063809464296113,True,0.4241463203772231,0.2983231456805915,0.7033496021261525,True,4076697495.2656384,3673,coarse_0038,phase2_core,coarse_0038,,,0.3859792803756308,-0.40467363761426745,-0.0030939332819361898,-0.0017073088153438665,False
"{""dist200_enter"": 100.8, ""dist200_exit"": 99.8, ""overheat1_enter"": 139.0, ""overheat2_enter"": 146.0, ""overheat3_enter"": 149.0, ""overheat4_enter"": 151.0, ""slope_thr"": 0.12, ""tp10_cap"": 0.94, ""tp10_trigger"": 0.11, ""vol_threshold"": 0.06}",0.4061392502297838,0.3767083968552847,-0.4024199999715258,True,0.4179660395346363,0.2921467262884776,0.6989724012356459,False,3813491935.116653,3673,coarse_0039,phase2_core,coarse_0039,,,0.3859792803756308,-0.40467363761426745,-0.009270883520346107,0.0022536376427416682,False
"{""dist200_enter"": 100.8, ""dist200_exit"": 99.8, ""overheat1_enter"": 139.0, ""overheat2_enter"": 146.0, ""overheat3_enter"": 149.0, ""overheat4_enter"": 151.0, ""slope_thr"": 0.12, ""tp10_cap"": 0.96, ""tp10_trigger"": 0.11, ""vol_threshold"": 0.06}",0.4123114900758793,0.382756682781004,-0.4065266420533807,True,0.4244326552427719,0.2973119284637167,0.7004925864944503,True,4064257798.937133,3673,coarse_0040,phase2_core,coarse_0040,,,0.3859792803756308,-0.40467363761426745,-0.003222597594626786,-0.0018530044391132372,False
"{""dist200_enter"": 100.8, ""dist200_exit"": 100.0, ""overheat1_enter"": 139.0, ""overheat2_enter"": 146.0, ""overheat3_enter"": 149.0, ""overheat4_enter"": 151.0, ""slope_thr"": 0.1, ""tp10_cap"": 0.94, ""tp10_trigger"": 0.09, ""vol_threshold"": 0.06}",0.4091154462718116,0.3795512105143002,-0.4021965525777491,True,0.415981239492762,0.3053195636185482,0.7339743590139975,True,3941019665.4799104,3673,coarse_0041,phase2_core,coarse_0041,,,0.3859792803756308,-0.40467363761426745,-0.006428069861330599,0.002477085036518334,False
"{""dist200_enter"": 100.8, ""dist200_exit"": 100.0, ""overheat1_enter"": 139.0, ""overheat2_enter"": 146.0, ""overheat3_enter"": 149.0, ""overheat4_enter"": 151.0, ""slope_thr"": 0.1, ""tp10_cap"": 0.96, ""tp10_trigger"": 0.09, ""vol_threshold"": 0.06}",0.4153815458999987,0.3857124036876111,-0.4063809464296113,True,0.4225822818489766,0.3105456073170682,0.7348760718464096,True,4201065876.161236,3673,coarse_0042,phase2_core,coarse_0042,,,0.3859792803756308,-0.40467363761426745,-0.00026687668801966824,-0.0017073088153438665,False
"{""dist200_enter"": 100.8, ""dist200_exit"": 100.0, ""overheat1_enter"": 139.0, ""overheat2_enter"": 146.0, ""overheat3_enter"": 149.0, ""overheat4_enter"": 151.0, ""slope_thr"": 0.1, ""tp10_cap"": 0.94, ""tp10_trigger"": 0.11, ""vol_threshold"": 0.06}",0.4088526507782124,0.3793577072756293,-0.4024199999715258,True,0.4164100742023777,0.3037879790811033,0.7295404167706582,True,3923003556.301177,3673,coarse_0043,phase2_core,coarse_0043,,,0.3859792803756308,-0.40467363761426745,-0.006621573100001499,0.0022536376427416682,False
"{""dist200_enter"": 100.8, ""dist200_exit"": 100.0, ""overheat1_enter"": 139.0, ""overheat2_enter"": 146.0, ""overheat3_enter"": 149.0, ""overheat4_enter"": 151.0, ""slope_thr"": 0.1, ""tp10_cap"": 0.96, ""tp10_trigger"": 0.11, ""vol_threshold"": 0.06}",0.4152021512675166,0.3855796463823666,-0.4065266420533807,True,0.4228678930286427,0.3095136840692438,0.7319394287716214,True,4188082133.7979465,3673,coarse_0044,phase2_core,coarse_0044,,,0.3859792803756308,-0.40467363761426745,-0.00039963399326420346,-0.0018530044391132372,False
"{""dist200_enter"": 100.8, ""dist200_exit"": 100.0, ""overheat1_enter"": 139.0, ""overheat2_enter"": 146.0, ""overheat3_enter"": 149.0, ""overheat4_enter"": 151.0, ""slope_thr"": 0.12, ""tp10_cap"": 0.94, ""tp10_trigger"": 0.09, ""vol_threshold"": 0.06}",0.4053085847188156,0.3758344386462184,-0.4021965525777491,True,0.415981239492762,0.2936348292842412,0.7058847885599188,True,3787515838.855553,3673,coarse_0045,phase2_core,coarse_0045,,,0.3859792803756308,-0.40467363761426745,-0.01014484172941238,0.002477085036518334,False
"{""dist200_enter"": 100.8, ""dist200_exit"": 100.0, ""overheat1_enter"": 139.0, ""overheat2_enter"": 146.0, ""overheat3_enter"": 149.0, ""overheat4_enter"": 151.0, ""slope_thr"": 0.12, ""tp10_cap"": 0.96, ""tp10_trigger"": 0.09, ""vol_threshold"": 0.06}",0.4113936904038604,0.381818078898015,-0.4063809464296113,True,0.4225822818489766,0.2983099802432138,0.7059216466388066,True,4030635812.809776,3673,coarse_0046,phase2_core,coarse_0046,,,0.3859792803756308,-0.40467363761426745,-0.0041612014776157835,-0.0017073088153438665,False
"{""dist200_enter"": 100.8, ""dist200_exit"": 100.0, ""overheat1_enter"": 139.0, ""overheat2_enter"": 146.0, ""overheat3_enter"": 149.0, ""overheat4_enter"": 151.0, ""slope_thr"": 0.12, ""tp10_cap"": 0.94, ""tp10_trigger"": 0.11, ""vol_threshold"": 0.06}",0.4050516854449768,0.3756465744966355,-0.4024199999715258,True,0.4164100742023777,0.2921329769405083,0.7015511752449342,True,3770397009.928436,3673,coarse_0047,phase2_core,coarse_0047,,,0.3859792803756308,-0.40467363761426745,-0.010332705878995263,0.0022536376427416682,False
"{""dist200_enter"": 100.8, ""dist200_exit"": 100.0, ""overheat1_enter"": 139.0, ""overheat2_enter"": 146.0, ""overheat3_enter"": 149.0, ""overheat4_enter"": 151.0, ""slope_thr"": 0.12, ""tp10_cap"": 0.96, ""tp10_trigger"": 0.11, ""vol_threshold"": 0.06}",0.4112183956319049,0.3816892407923939,-0.4065266420533807,True,0.4228678930286427,0.2972987886782139,0.7030535861895681,True,4018322832.7614665,3673,coarse_0048,phase2_core,coarse_0048,,,0.3859792803756308,-0.40467363761426745,-0.004290039583236871,-0.0018530044391132372,False
"{""dist200_enter"": 101.2, ""dist200_exit"": 99.8, ""overheat1_enter"": 139.0, ""overheat2_enter"": 146.0, ""overheat3_enter"": 149.0, ""overheat4_enter"": 151.0, ""slope_thr"": 0.1, ""tp10_cap"": 0.94, ""tp10_trigger"": 0.09, ""vol_threshold"": 0.06}",0.410349518162588,0.3807532865945333,-0.4021914958395983,True,0.4164904418037871,0.3080176815995543,0.7395552230816009,True,3992336381.631828,3673,coarse_0049,phase2_core,coarse_0049,,,0.3859792803756308,-0.40467363761426745,-0.005225993781097504,0.0024821417746691554,False
"{""dist200_enter"": 101.2, ""dist200_exit"": 99.8, ""overheat1_enter"": 139.0, ""overheat2_enter"": 146.0, ""overheat3_enter"": 149.0, ""overheat4_enter"": 151.0, ""slope_thr"": 0.1, ""tp10_cap"": 0.96, ""tp10_trigger"": 0.09, ""vol_threshold"": 0.06}",0.4166234314793064,0.3869225480032243,-0.406376069352785,True,0.4230958667138735,0.3132586776678188,0.7403964498657364,True,4255819128.311618,3673,coarse_0050,phase2_core,coarse_0050,,,0.3859792803756308,-0.40467363761426745,0.0009432676275935026,-0.0017024317385175292,False
"{""dist200_enter"": 101.2, ""dist200_exit"": 99.8, ""overheat1_enter"": 139.0, ""overheat2_enter"": 146.0, ""overheat3_enter"": 149.0, ""overheat4_enter"": 151.0, ""slope_thr"": 0.1, ""tp10_cap"": 0.94, ""tp10_trigger"": 0.11, ""vol_threshold"": 0.06}",0.4100865823298243,0.3805597080735454,-0.4024149486227893,True,0.4169201429150848,0.3064816891185926,0.7351088555608946,True,3974090540.1969166,3673,coarse_0051,phase2_core,coarse_0051,,,0.3859792803756308,-0.40467363761426745,-0.005419572302085396,0.0022586889914781305,False
"{""dist200_enter"": 101.2, ""dist200_exit"": 99.8, ""overheat1_enter"": 139.0, ""overheat2_enter"": 146.0, ""overheat3_enter"": 149.0, ""overheat4_enter"": 151.0, ""slope_thr"": 0.1, ""tp10_cap"": 0.96, ""tp10_trigger"": 0.11, ""vol_threshold"": 0.06}",0.416443940521648,0.3867897384488628,-0.4065217683625494,True,0.4233820538077404,0.3122237992473895,0.7374516620139305,True,4242669549.3909984,3673,coarse_0052,phase2_core,coarse_0052,,,0.3859792803756308,-0.40467363761426745,0.0008104580732319899,-0.0018481307482819398,False
"{""dist200_enter"": 101.2, ""dist200_exit"": 99.8, ""overheat1_enter"": 139.0, ""overheat2_enter"": 146.0, ""overheat3_enter"": 149.0, ""overheat4_enter"": 151.0, ""slope_thr"": 0.12, ""tp10_cap"": 0.94, ""tp10_trigger"": 0.09, ""vol_threshold"": 0.06}",0.4065393144345264,0.3770330134297415,-0.4021914958395983,True,0.4164904418037871,0.2963079705341744,0.7114400254922733,True,3836862266.744234,3673,coarse_0053,phase2_core,coarse_0053,,,0.3859792803756308,-0.40467363761426745,-0.008946266945889292,0.0024821417746691554,False
"{""dist200_enter"": 101.2, ""dist200_exit"": 99.8, ""overheat1_enter"": 139.0, ""overheat2_enter"": 146.0, ""overheat3_enter"": 149.0, ""overheat4_enter"": 151.0, ""slope_thr"": 0.12, ""tp10_cap"": 0.96, ""tp10_trigger"": 0.09, ""vol_threshold"": 0.06}",0.4126320684762408,0.3830245644556191,-0.406376069352785,True,0.4230958667138735,0.3009969121798548,0.7114153927280258,True,4083197417.092837,3673,coarse_0054,phase2_core,coarse_0054,,,0.3859792803756308,-0.40467363761426745,-0.0029547159200116746,-0.0017024317385175292,False
"{""dist200_enter"": 101.2, ""dist200_exit"": 99.8, ""overheat1_enter"": 139.0, ""overheat2_enter"": 146.0, ""overheat3_enter"": 149.0, ""overheat4_enter"": 151.0, ""slope_thr"": 0.12, ""tp10_cap"": 0.94, ""tp10_trigger"": 0.11, ""vol_threshold"": 0.06}",0.4062822796806467,0.3768450784479005,-0.4024149486227893,True,0.4169201429150848,0.2948017829869636,0.7070941234110787,True,3819525163.997816,3673,coarse_0055,phase2_core,coarse_0055,,,0.3859792803756308,-0.40467363761426745,-0.00913420192773029,0.0022586889914781305,False
"{""dist200_enter"": 101.2, ""dist200_exit"": 99.8, ""overheat1_enter"": 139.0, ""overheat2_enter"": 146.0, ""overheat3_enter"": 149.0, ""overheat4_enter"": 151.0, ""slope_thr"": 0.12, ""tp10_cap"": 0.96, ""tp10_trigger"": 0.11, ""vol_threshold"": 0.06}",0.4124566807610161,0.3828956771917193,-0.4065217683625494,True,0.4233820538077404,0.2999828160747388,0.7085392811924955,True,4070727180.81812,3673,coarse_0056,phase2_core,coarse_0056,,,0.3859792803756308,-0.40467363761426745,-0.0030836031839114875,-0.0018481307482819398,False
"{""dist200_enter"": 101.2, ""dist200_exit"": 100.0, ""overheat1_enter"": 139.0, ""overheat2_enter"": 146.0, ""overheat3_enter"": 149.0, ""overheat4_enter"": 151.0, ""slope_thr"": 0.1, ""tp10_cap"": 0.94, ""tp10_trigger"": 0.09, ""vol_threshold"": 0.06}",0.4092591359347082,0.3796886031862789,-0.4021914958395983,True,0.4149366405290904,0.3080034104398603,0.7422902206156624,True,3947259071.196976,3673,coarse_0057,phase2_core,coarse_0057,,,0.3859792803756308,-0.40467363761426745,-0.00629067718935189,0.0024821417746691554,False
"{""dist200_enter"": 101.2, ""dist200_exit"": 100.0, ""overheat1_enter"": 139.0, ""overheat2_enter"": 146.0, ""overheat3_enter"": 149.0, ""overheat4_enter"": 151.0, ""slope_thr"": 0.1, ""tp10_cap"": 0.96, ""tp10_trigger"": 0.09, ""vol_threshold"": 0.06}",0.4155272932502898,0.3858520177826821,-0.406376069352785,True,0.4215329147398878,0.3132450475096189,0.7431093434374174,True,4207752110.841606,3673,coarse_0058,phase2_core,coarse_0058,,,0.3859792803756308,-0.40467363761426745,-0.000127262592948707,-0.0017024317385175292,False
"{""dist200_enter"": 101.2, ""dist200_exit"": 100.0, ""overheat1_enter"": 139.0, ""overheat2_enter"": 146.0, ""overheat3_enter"": 149.0, ""overheat4_enter"": 151.0, ""slope_thr"": 0.1, ""tp10_cap"": 0.94, ""tp10_trigger"": 0.11, ""vol_threshold"": 0.06}",0.4089959675692181,0.3794947636072627,-0.4024149486227893,True,0.4153652577163305,0.3064674579712667,0.7378264124838423,True,3929198827.7781887,3673,coarse_0059,phase2_core,coarse_0059,,,0.3859792803756308,-0.40467363761426745,-0.006484516768368087,0.0022586889914781305,False
"{""dist200_enter"": 101.2, ""dist200_exit"": 100.0, ""overheat1_enter"": 139.0, ""overheat2_enter"": 146.0, ""overheat3_enter"": 149.0, ""overheat4_enter"": 151.0, ""slope_thr"": 0.1, ""tp10_cap"": 0.96, ""tp10_trigger"": 0.11, ""vol_threshold"": 0.06}",0.4153476504373339,0.3857190364902103,-0.4065217683625494,True,0.4218183792702488,0.3122101927804741,0.7401531278001726,True,4194736674.1678414,3673,coarse_0060,phase2_core,coarse_0060,,,0.3859792803756308,-0.40467363761426745,-0.000260243885420508,-0.0018481307482819398,False
"{""dist200_enter"": 101.2, ""dist200_exit"": 100.0, ""overheat1_enter"": 139.0, ""overheat2_enter"": 146.0, ""overheat3_enter"": 149.0, ""overheat4_enter"": 151.0, ""slope_thr"": 0.12, ""tp10_cap"": 0.94, ""tp10_trigger"": 0.09, ""vol_threshold"": 0.06}",0.4054518856585687,0.3759713188563875,-0.4021914958395983,True,0.4149366405290904,0.2962942044829406,0.7140709581711862,True,3793528081.610581,3673,coarse_0061,phase2_core,coarse_0061,,,0.3859792803756308,-0.40467363761426745,-0.01000796151924327,0.0024821417746691554,False
"{""dist200_enter"": 101.2, ""dist200_exit"": 100.0, ""overheat1_enter"": 139.0, ""overheat2_enter"": 146.0, ""overheat3_enter"": 149.0, ""overheat4_enter"": 151.0, ""slope_thr"": 0.12, ""tp10_cap"": 0.96, ""tp10_trigger"": 0.09, ""vol_threshold"": 0.06}",0.4115390262328726,0.3819571600777556,-0.406376069352785,True,0.4215329147398878,0.3009837766776515,0.7140220043395125,True,4037067350.7467375,3673,coarse_0062,phase2_core,coarse_0062,,,0.3859792803756308,-0.40467363761426745,-0.004022120297875187,-0.0017024317385175292,False
"{""dist200_enter"": 101.2, ""dist200_exit"": 100.0, ""overheat1_enter"": 139.0, ""overheat2_enter"": 146.0, ""overheat3_enter"": 149.0, ""overheat4_enter"": 151.0, ""slope_thr"": 0.12, ""tp10_cap"": 0.94, ""tp10_trigger"": 0.11, ""vol_threshold"": 0.06}",0.4051946150264298,0.3757831200890309,-0.4024149486227893,True,0.4153652577163305,0.2947880576597084,0.7097080272925256,True,3776367079.505398,3673,coarse_0063,phase2_core,coarse_0063,,,0.3859792803756308,-0.40467363761426745,-0.010196160286599865,0.0022586889914781305,False
"{""dist200_enter"": 101.2, ""dist200_exit"": 100.0, ""overheat1_enter"": 139.0, ""overheat2_enter"": 146.0, ""overheat3_enter"": 149.0, ""overheat4_enter"": 151.0, ""slope_thr"": 0.12, ""tp10_cap"": 0.96, ""tp10_trigger"": 0.11, ""vol_threshold"": 0.06}",0.4113634843330576,0.3818280991667655,-0.4065217683625494,True,0.4218183792702488,0.2999697047678273,0.7111347430777644,True,4024724144.463486,3673,coarse_0064,phase2_core,coarse_0064,,,0.3859792803756308,-0.40467363761426745,-0.004151181208865262,-0.0018481307482819398,False
"{""dist200_enter"": 101.19, ""dist200_exit"": 99.79, ""overheat1_enter"": 139.0, ""overheat2_enter"": 146.0, ""overheat3_enter"": 149.0, ""overheat4_enter"": 151.0, ""slope_thr"": 0.09, ""tp10_cap"": 0.97, ""tp10_trigger"": 0.08, ""vol_threshold"": 0.059}",0.4270336447447886,0.3971196800339238,-0.4086758433287126,True,0.4399697052710689,0.309131493488235,0.7026199526573689,True,4734400904.661682,3673,fine_0001,phase2_core,fine_0001,,,0.3859792803756308,-0.40467363761426745,0.011140399658292999,-0.004002205714445151,False
"{""dist200_enter"": 101.2, ""dist200_exit"": 99.8, ""overheat1_enter"": 139.0, ""overheat2_enter"": 146.0, ""overheat3_enter"": 149.0, ""overheat4_enter"": 151.0, ""slope_thr"": 0.1, ""tp10_cap"": 0.96, ""tp10_trigger"": 0.09, ""vol_threshold"": 0.059}",0.4225734902597873,0.3927340706969484,-0.4065945234270995,True,0.434185095489189,0.3077134747495567,0.7087149649917418,True,4525720725.580327,3673,fine_0002,phase2_core,fine_0002,,,0.3859792803756308,-0.40467363761426745,0.006754790321317594,-0.0019208858128320627,False
"{""dist200_enter"": 101.21, ""dist200_exit"": 99.81, ""overheat1_enter"": 139.0, ""overheat2_enter"": 146.0, ""overheat3_enter"": 149.0, ""overheat4_enter"": 151.0, ""slope_thr"": 0.11, ""tp10_cap"": 0.95, ""tp10_trigger"": 0.1, ""vol_threshold"": 0.059}",0.4160438283107244,0.386337116394718,-0.4046687159415023,True,0.4314155966003787,0.2936258629370496,0.6806102172727796,False,4232720130.890877,3673,fine_0003,phase2_core,fine_0003,,,0.3859792803756308,-0.40467363761426745,0.00035783601908723206,4.921672765167973e-06,False
"{""dist200_enter"": 101.19, ""dist200_exit"": 99.79, ""overheat1_enter"": 139.0, ""overheat2_enter"": 146.0, ""overheat3_enter"": 149.0, ""overheat4_enter"": 151.0, ""slope_thr"": 0.09, ""tp10_cap"": 0.97, ""tp10_trigger"": 0.08, ""vol_threshold"": 0.06}",0.4210115975086423,0.3912375280845586,-0.4084677370513826,True,0.4287451050754787,0.314712904907853,0.7340326482618365,True,4449632719.228568,3673,fine_0004,phase2_core,fine_0004,,,0.3859792803756308,-0.40467363761426745,0.005258247708927799,-0.0037940994371151726,False
"{""dist200_enter"": 101.2, ""dist200_exit"": 99.8, ""overheat1_enter"": 139.0, ""overheat2_enter"": 146.0, ""overheat3_enter"": 149.0, ""overheat4_enter"": 151.0, ""slope_thr"": 0.1, ""tp10_cap"": 0.96, ""tp10_trigger"": 0.09, ""vol_threshold"": 0.06}",0.4166234314793064,0.3869225480032243,-0.406376069352785,True,0.4230958667138735,0.3132586776678188,0.7403964498657364,True,4255819128.311618,3673,fine_0005,phase2_core,fine_0005,,,0.3859792803756308,-0.40467363761426745,0.0009432676275935026,-0.0017024317385175292,False
"{""dist200_enter"": 101.21, ""dist200_exit"": 99.81, ""overheat1_enter"": 139.0, ""overheat2_enter"": 146.0, ""overheat3_enter"": 149.0, ""overheat4_enter"": 151.0, ""slope_thr"": 0.11, ""tp10_cap"": 0.95, ""tp10_trigger"": 0.1, ""vol_threshold"": 0.06}",0.4101736109385714,0.3806046388307256,-0.4044403560760539,True,0.4204389797983476,0.2990804147710224,0.7113527268914703,True,3982347004.444753,3673,fine_0006,phase2_core,fine_0006,,,0.3859792803756308,-0.40467363761426745,-0.00537464154490519,0.0002332815382135589,False
"{""dist200_enter"": 101.19, ""dist200_exit"": 99.79, ""overheat1_enter"": 139.0, ""overheat2_enter"": 146.0, ""overheat3_enter"": 149.0, ""overheat4_enter"": 151.0, ""slope_thr"": 0.09, ""tp10_cap"": 0.97, ""tp10_trigger"": 0.08, ""vol_threshold"": 0.061}",0.4235166012055851,0.3936842438466321,-0.4084677370513826,True,0.4323224521138686,0.3147434482381332,0.7280293833900479,True,4566105625.45369,3673,fine_0007,phase2_core,fine_0007,,,0.3859792803756308,-0.40467363761426745,0.007704963471001303,-0.0037940994371151726,False
"{""dist200_enter"": 101.2, ""dist200_exit"": 99.8, ""overheat1_enter"": 139.0, ""overheat2_enter"": 146.0, ""overheat3_enter"": 149.0, ""overheat4_enter"": 151.0, ""slope_thr"": 0.1, ""tp10_cap"": 0.96, ""tp10_trigger"": 0.09, ""vol_threshold"": 0.061}",0.4191196505643995,0.3893605520014851,-0.406376069352785,True,0.4266574585008247,0.3132891168751048,0.734287214797393,True,4367183375.53011,3673,fine_0008,phase2_core,fine_0008,,,0.3859792803756308,-0.40467363761426745,0.003381271625854332,-0.0017024317385175292,False
"{""dist200_enter"": 101.21, ""dist200_exit"": 99.81, ""overheat1_enter"": 139.0, ""overheat2_enter"": 146.0, ""overheat3_enter"": 149.0, ""overheat4_enter"": 151.0, ""slope_thr"": 0.11, ""tp10_cap"": 0.95, ""tp10_trigger"": 0.1, ""vol_threshold"": 0.061}",0.4126572956989265,0.3830299454488541,-0.4044403560760539,True,0.4239916376665849,0.2991104400982034,0.7054630646593447,True,4086558934.897788,3673,fine_0009,phase2_core,fine_0009,,,0.3859792803756308,-0.40467363761426745,-0.002949334926776681,0.0002332815382135589,False
"{""dist200_enter"": 101.19, ""dist200_exit"": 99.79, ""overheat1_enter"": 139.0, ""overheat2_enter"": 146.0, ""overheat3_enter"": 149.0, ""overheat4_enter"": 151.0, ""slope_thr"": 0.09, ""tp10_cap"": 0.97, ""tp10_trigger"": 0.1, ""vol_threshold"": 0.059}",0.4280831896985637,0.3981461895474141,-0.4087782647657388,True,0.4408315490001113,0.3105096867077948,0.7043726507598855,True,4785549601.181019,3673,fine_0010,phase2_core,fine_0010,,,0.3859792803756308,-0.40467363761426745,0.012166909171783313,-0.004104627151471363,False
"{""dist200_enter"": 101.2, ""dist200_exit"": 99.8, ""overheat1_enter"": 139.0, ""overheat2_enter"": 146.0, ""overheat3_enter"": 149.0, ""overheat4_enter"": 151.0, ""slope_thr"": 0.1, ""tp10_cap"": 0.96, ""tp10_trigger"": 0.11, ""vol_threshold"": 0.059}",0.4225010181095352,0.392705926612888,-0.4068006925474691,True,0.4346278474491649,0.3066841028976952,0.7056246043543395,True,4516763772.380164,3673,fine_0011,phase2_core,fine_0011,,,0.3859792803756308,-0.40467363761426745,0.006726646237257217,-0.002127054933201644,False
"{""dist200_enter"": 101.21, ""dist200_exit"": 99.81, ""overheat1_enter"": 139.0, ""overheat2_enter"": 146.0, ""overheat3_enter"": 149.0, ""overheat4_enter"": 151.0, ""slope_thr"": 0.11, ""tp10_cap"": 0.95, ""tp10_trigger"": 0.12, ""vol_threshold"": 0.059}",0.4156400642614546,0.38605429584159,-0.4049164039469496,True,0.4319763539877308,0.2915658098070131,0.6749578006190918,False,4201386180.68539,3673,fine_0012,phase2_core,fine_0012,,,0.3859792803756308,-0.40467363761426745,7.501546595922726e-05,-0.00024276633268216496,False
"{""dist200_enter"": 101.19, ""dist200_exit"": 99.79, ""overheat1_enter"": 139.0, ""overheat2_enter"": 146.0, ""overheat3_enter"": 149.0, ""overheat4_enter"": 151.0, ""slope_thr"": 0.09, ""tp10_cap"": 0.97, ""tp10_trigger"": 0.1, ""vol_threshold"": 0.06}",0.4220566373957861,0.3922595159234709,-0.4085705879238385,True,0.4295998327423156,0.3160972176720333,0.7357945547935912,True,4497717790.489133,3673,fine_0013,phase2_core,fine_0013,,,0.3859792803756308,-0.40467363761426745,0.0062802355478401295,-0.0038969503095710456,False
"{""dist200_enter"": 101.2, ""dist200_exit"": 99.8, ""overheat1_enter"": 139.0, ""overheat2_enter"": 146.0, ""overheat3_enter"": 149.0, ""overheat4_enter"": 151.0, ""slope_thr"": 0.1, ""tp10_cap"": 0.96, ""tp10_trigger"": 0.11, ""vol_threshold"": 0.06}",0.416443940521648,0.3867897384488628,-0.4065217683625494,True,0.4233820538077404,0.3122237992473895,0.7374516620139305,True,4242669549.3909984,3673,fine_0014,phase2_core,fine_0014,,,0.3859792803756308,-0.40467363761426745,0.0008104580732319899,-0.0018481307482819398,False
"{""dist200_enter"": 101.21, ""dist200_exit"": 99.81, ""overheat1_enter"": 139.0, ""overheat2_enter"": 146.0, ""overheat3_enter"": 149.0, ""overheat4_enter"": 151.0, ""slope_thr"": 0.11, ""tp10_cap"": 0.95, ""tp10_trigger"": 0.12, ""vol_threshold"": 0.06}",0.4096380382414055,0.3801927034657018,-0.404611844416092,True,0.4208043024097445,0.2970106079983559,0.7058164716889026,True,3947359922.439801,3673,fine_0015,phase2_core,fine_0015,,,0.3859792803756308,-0.40467363761426745,-0.005786576909929009,6.17931981754527e-05,False
"{""dist200_enter"": 101.19, ""dist200_exit"": 99.79, ""overheat1_enter"": 139.0, ""overheat2_enter"": 146.0, ""overheat3_enter"": 149.0, ""overheat4_enter"": 151.0, ""slope_thr"": 0.09, ""tp10_cap"": 0.97, ""tp10_trigger"": 0.1, ""vol_threshold"": 0.061}",0.4245636459791497,0.394708241243505,-0.4085705879238385,True,0.433179644932663,0.3161277589440228,0.7297844269510038,True,4615449944.592094,3673,fine_0016,phase2_core,fine_0016,,,0.3859792803756308,-0.40467363761426745,0.008728960867874225,-0.0038969503095710456,False
"{""dist200_enter"": 101.2, ""dist200_exit"": 99.8, ""overheat1_enter"": 139.0, ""overheat2_enter"": 146.0, ""overheat3_enter"": 149.0, ""overheat4_enter"": 151.0, ""slope_thr"": 0.1, ""tp10_cap"": 0.96, ""tp10_trigger"": 0.11, ""vol_threshold"": 0.061}",0.4189398646802935,0.3892275081294765,-0.4065217683625494,True,0.4269443780753477,0.3122541777029952,0.7313696906155027,True,4353694672.626881,3673,fine_0017,phase2_core,fine_0017,,,0.3859792803756308,-0.40467363761426745,0.0032482277538457005,-0.0018481307482819398,False
"{""dist200_enter"": 101.21, ""dist200_exit"": 99.81, ""overheat1_enter"": 139.0, ""overheat2_enter"": 146.0, ""overheat3_enter"": 149.0, ""overheat4_enter"": 151.0, ""slope_thr"": 0.11, ""tp10_cap"": 0.95, ""tp10_trigger"": 0.12, ""vol_threshold"": 0.061}",0.4121208054586229,0.3826172745851193,-0.404611844416092,True,0.424357932880677,0.2970404222331473,0.6999761267964102,False,4050665093.481257,3673,fine_0018,phase2_core,fine_0018,,,0.3859792803756308,-0.40467363761426745,-0.003362005790511491,6.17931981754527e-05,False
"{""dist200_enter"": 100.79, ""dist200_exit"": 99.79, ""overheat1_enter"": 139.0, ""overheat2_enter"": 146.0, ""overheat3_enter"": 149.0, ""overheat4_enter"": 151.0, ""slope_thr"": 0.09, ""tp10_cap"": 0.97, ""tp10_trigger"": 0.08, ""vol_threshold"": 0.059}",0.4268860956305742,0.3969780133477167,-0.4086805278203361,True,0.4410319804076612,0.3064391800422736,0.6948230370029431,False,4726890699.525765,3673,fine_0019,phase2_core,fine_0019,,,0.3859792803756308,-0.40467363761426745,0.010998732972085923,-0.004006890206068647,False
"{""dist200_enter"": 100.8, ""dist200_exit"": 99.8, ""overheat1_enter"": 139.0, ""overheat2_enter"": 146.0, ""overheat3_enter"": 149.0, ""overheat4_enter"": 151.0, ""slope_thr"": 0.1, ""tp10_cap"": 0.96, ""tp10_trigger"": 0.09, ""vol_threshold"": 0.059}",0.4224270506485861,0.3925935615694846,-0.4065993796049084,True,0.4352432160935469,0.305026053359418,0.7008174787814699,True,4518561635.318291,3673,fine_0020,phase2_core,fine_0020,,,0.3859792803756308,-0.40467363761426745,0.0066142811938538215,-0.001925741990640939,False
"{""dist200_enter"": 100.81, ""dist200_exit"": 99.81, ""overheat1_enter"": 139.0, ""overheat2_enter"": 146.0, ""overheat3_enter"": 149.0, ""overheat4_enter"": 151.0, ""slope_thr"": 0.11, ""tp10_cap"": 0.95, ""tp10_trigger"": 0.1, ""vol_threshold"": 0.059}",0.4158986757653966,0.3861980734953749,-0.4046736376142674,True,0.4324717048289874,0.2909698715998419,0.6728067255056612,False,4226024477.793743,3673,fine_0021,phase2_core,fine_0021,,,0.3859792803756308,-0.40467363761426745,0.00021879311974409843,5.551115123125783e-17,False
"{""dist200_enter"": 100.79, ""dist200_exit"": 99.79, ""overheat1_enter"": 139.0, ""overheat2_enter"": 146.0, ""overheat3_enter"": 149.0, ""overheat4_enter"": 151.0, ""slope_thr"": 0.09, ""tp10_cap"": 0.97, ""tp10_trigger"": 0.08, ""vol_threshold"": 0.06}",0.4208646491962691,0.391096629837482,-0.4084724409668776,True,0.4297996031158988,0.3120085459034112,0.7259395858941164,True,4442548155.883993,3673,fine_0022,phase2_core,fine_0022,,,0.3859792803756308,-0.40467363761426745,0.005117349461851217,-0.0037988033526101805,False
"{""dist200_enter"": 100.8, ""dist200_exit"": 99.8, ""overheat1_enter"": 139.0, ""overheat2_enter"": 146.0, ""overheat3_enter"": 149.0, ""overheat4_enter"": 151.0, ""slope_thr"": 0.1, ""tp10_cap"": 0.96, ""tp10_trigger"": 0.09, ""vol_threshold"": 0.06}",0.4164775816655177,0.3867827987467296,-0.4063809464296113,True,0.4241463203772231,0.3105592717300907,0.7321984343843617,True,4249061636.105982,3673,fine_0023,phase2_core,fine_0023,,,0.3859792803756308,-0.40467363761426745,0.0008035183710988214,-0.0017073088153438665,False
"{""dist200_enter"": 100.81, ""dist200_exit"": 99.81, ""overheat1_enter"": 139.0, ""overheat2_enter"": 146.0, ""overheat3_enter"": 149.0, ""overheat4_enter"": 151.0, ""slope_thr"": 0.11, ""tp10_cap"": 0.95, ""tp10_trigger"": 0.1, ""vol_threshold"": 0.06}",0.4100290368365862,0.3804663546204285,-0.4044452997111547,True,0.4214875037367784,0.2964126746319673,0.703253766728702,True,3976022285.830289,3673,fine_0024,phase2_core,fine_0024,,,0.3859792803756308,-0.40467363761426745,-0.0055129257552022914,0.00022833790311271862,False
"{""dist200_enter"": 100.79, ""dist200_exit"": 99.79, ""overheat1_enter"": 139.0, ""overheat2_enter"": 146.0, ""overheat3_enter"": 149.0, ""overheat4_enter"": 151.0, ""slope_thr"": 0.09, ""tp10_cap"": 0.97, ""tp10_trigger"": 0.08, ""vol_threshold"": 0.061}",0.4233694054718537,0.3935430270495523,-0.4084724409668776,True,0.4333794288543948,0.3120391581150208,0.7200137739344765,True,4558847080.622528,3673,fine_0025,phase2_core,fine_0025,,,0.3859792803756308,-0.40467363761426745,0.007563746673921512,-0.0037988033526101805,False
"{""dist200_enter"": 100.8, ""dist200_exit"": 99.8, ""overheat1_enter"": 139.0, ""overheat2_enter"": 146.0, ""overheat3_enter"": 149.0, ""overheat4_enter"": 151.0, ""slope_thr"": 0.1, ""tp10_cap"": 0.96, ""tp10_trigger"": 0.09, ""vol_threshold"": 0.061}",0.4189735557857139,0.3892204850259142,-0.4063809464296113,True,0.4277103746357646,0.3105897873416536,0.7261684676368907,True,4360260284.058283,3673,fine_0026,phase2_core,fine_0026,,,0.3859792803756308,-0.40467363761426745,0.0032412046502834357,-0.0017073088153438665,False
"{""dist200_enter"": 100.81, ""dist200_exit"": 99.81, ""overheat1_enter"": 139.0, ""overheat2_enter"": 146.0, ""overheat3_enter"": 149.0, ""overheat4_enter"": 151.0, ""slope_thr"": 0.11, ""tp10_cap"": 0.95, ""tp10_trigger"": 0.1, ""vol_threshold"": 0.061}",0.4125124792485899,0.3828913411624319,-0.4044452997111547,True,0.425042616300296,0.2964427622603578,0.6974424466908481,False,4080079918.069269,3673,fine_0027,phase2_core,fine_0027,,,0.3859792803756308,-0.40467363761426745,-0.003087939213198887,0.00022833790311271862,False
"{""dist200_enter"": 100.79, ""dist200_exit"": 99.79, ""overheat1_enter"": 139.0, ""overheat2_enter"": 146.0, ""overheat3_enter"": 149.0, ""overheat4_enter"": 151.0, ""slope_thr"": 0.09, ""tp10_cap"": 0.97, ""tp10_trigger"": 0.1, ""vol_threshold"": 0.059}",0.4279354533663315,0.3980043165139988,-0.4087829279442432,True,0.4418944560635405,0.3078142290783436,0.6965786170308566,False,4777957907.620335,3673,fine_0028,phase2_core,fine_0028,,,0.3859792803756308,-0.40467363761426745,0.012025036138368028,-0.004109290329975757,False
"{""dist200_enter"": 100.8, ""dist200_exit"": 99.8, ""overheat1_enter"": 139.0, ""overheat2_enter"": 146.0, ""overheat3_enter"": 149.0, ""overheat4_enter"": 151.0, ""slope_thr"": 0.1, ""tp10_cap"": 0.96, ""tp10_trigger"": 0.11, ""vol_threshold"": 0.059}",0.4223548186552235,0.3925656304499143,-0.4068055394963379,True,0.4356862308707518,0.3039995913573072,0.6977489069364002,False,4509631286.504359,3673,fine_0029,phase2_core,fine_0029,,,0.3859792803756308,-0.40467363761426745,0.006586350074283542,-0.002131901882070464,False
"{""dist200_enter"": 100.81, ""dist200_exit"": 99.81, ""overheat1_enter"": 139.0, ""overheat2_enter"": 146.0, ""overheat3_enter"": 149.0, ""overheat4_enter"": 151.0, ""slope_thr"": 0.11, ""tp10_cap"": 0.95, ""tp10_trigger"": 0.12, ""vol_threshold"": 0.059}",0.4154952382957853,0.3859155469475117,-0.4049213137743709,True,0.4330328089601571,0.2889150155440918,0.6671896668473325,False,4194752408.631456,3673,fine_0030,phase2_core,fine_0030,,,0.3859792803756308,-0.40467363761426745,-6.373342811910598e-05,-0.0002476761601034605,False
"{""dist200_enter"": 100.79, ""dist200_exit"": 99.79, ""overheat1_enter"": 139.0, ""overheat2_enter"": 146.0, ""overheat3_enter"": 149.0, ""overheat4_enter"": 151.0, ""slope_thr"": 0.09, ""tp10_cap"": 0.97, ""tp10_trigger"": 0.1, ""vol_threshold"": 0.06}",0.4219095027912909,0.3921184109091631,-0.4085752704373981,True,0.4306549564729545,0.3133896983689395,0.7277048450471524,True,4490556554.107856,3673,fine_0031,phase2_core,fine_0031,,,0.3859792803756308,-0.40467363761426745,0.006139130533532322,-0.003901632823130663,False
"{""dist200_enter"": 100.8, ""dist200_exit"": 99.8, ""overheat1_enter"": 139.0, ""overheat2_enter"": 146.0, ""overheat3_enter"": 149.0, ""overheat4_enter"": 151.0, ""slope_thr"": 0.1, ""tp10_cap"": 0.96, ""tp10_trigger"": 0.11, ""vol_threshold"": 0.06}",0.4162983390369388,0.3866502133241807,-0.4065266420533807,True,0.4244326552427719,0.3095273233089235,0.729273111966082,True,4235944081.0027537,3673,fine_0032,phase2_core,fine_0032,,,0.3859792803756308,-0.40467363761426745,0.0006709329485499183,-0.0018530044391132372,False
"{""dist200_enter"": 100.81, ""dist200_exit"": 99.81, ""overheat1_enter"": 139.0, ""overheat2_enter"": 146.0, ""overheat3_enter"": 149.0, ""overheat4_enter"": 151.0, ""slope_thr"": 0.11, ""tp10_cap"": 0.95, ""tp10_trigger"": 0.12, ""vol_threshold"": 0.06}",0.4094938006866671,0.3800547277450039,-0.4046167836059137,True,0.4218530304909296,0.2943480962506033,0.6977503418857914,False,3941101552.7781696,3673,fine_0033,phase2_core,fine_0033,,,0.3859792803756308,-0.40467363761426745,-0.005924552630626911,5.68540083537572e-05,False
"{""dist200_enter"": 100.79, ""dist200_exit"": 99.79, ""overheat1_enter"": 139.0, ""overheat2_enter"": 146.0, ""overheat3_enter"": 149.0, ""overheat4_enter"": 151.0, ""slope_thr"": 0.09, ""tp10_cap"": 0.97, ""tp10_trigger"": 0.1, ""vol_threshold"": 0.061}",0.424416263538649,0.394566817831063,-0.4085752704373981,True,0.434237249470041,0.3134203096370271,0.7217720497712637,True,4608112748.282087,3673,fine_0034,phase2_core,fine_0034,,,0.3859792803756308,-0.40467363761426745,0.008587537455432226,-0.003901632823130663,False
"{""dist200_enter"": 100.8, ""dist200_exit"": 99.8, ""overheat1_enter"": 139.0, ""overheat2_enter"": 146.0, ""overheat3_enter"": 149.0, ""overheat4_enter"": 151.0, ""slope_thr"": 0.1, ""tp10_cap"": 0.96, ""tp10_trigger"": 0.11, ""vol_threshold"": 0.061}",0.4187940186539025,0.3890876657172928,-0.4065266420533807,True,0.4279974439084009,0.3095577748403175,0.7232701485632435,True,4346804412.898351,3673,fine_0035,phase2_core,fine_0035,,,0.3859792803756308,-0.40467363761426745,0.0031083853416620233,-0.0018530044391132372,False
"{""dist200_enter"": 100.81, ""dist200_exit"": 99.81, ""overheat1_enter"": 139.0, ""overheat2_enter"": 146.0, ""overheat3_enter"": 149.0, ""overheat4_enter"": 151.0, ""slope_thr"": 0.11, ""tp10_cap"": 0.95, ""tp10_trigger"": 0.12, ""vol_threshold"": 0.061}",0.4119763261276787,0.3824789791548098,-0.4046167836059137,True,0.425409117799981,0.2943779688805901,0.691987916015944,False,4044254119.140407,3673,fine_0036,phase2_core,fine_0036,,,0.3859792803756308,-0.40467363761426745,-0.0035003012208210116,5.68540083537572e-05,False
"{""dist200_enter"": 101.19, ""dist200_exit"": 99.99, ""overheat1_enter"": 139.0, ""overheat2_enter"": 146.0, ""overheat3_enter"": 149.0, ""overheat4_enter"": 151.0, ""slope_thr"": 0.09, ""tp10_cap"": 0.97, ""tp10_trigger"": 0.08, ""vol_threshold"": 0.059}",0.425929040795874,0.3960406783048811,-0.4086758433287126,True,0.4383868041632768,0.3091190898787499,0.7051286374113094,True,4680935691.913465,3673,fine_0037,phase2_core,fine_0037,,,0.3859792803756308,-0.40467363761426745,0.010061397929250315,-0.004002205714445151,False
"{""dist200_enter"": 101.2, ""dist200_exit"": 100.0, ""overheat1_enter"": 139.0, ""overheat2_enter"": 146.0, ""overheat3_enter"": 149.0, ""overheat4_enter"": 151.0, ""slope_thr"": 0.1, ""tp10_cap"": 0.96, ""tp10_trigger"": 0.09, ""vol_threshold"": 0.059}",0.421472715223218,0.3916588666929292,-0.4065945234270995,True,0.4326091445746862,0.3077011071171693,0.711268152733298,True,4474624182.437485,3673,fine_0038,phase2_core,fine_0038,,,0.3859792803756308,-0.40467363761426745,0.005679586317298424,-0.0019208858128320627,False
"{""dist200_enter"": 101.21, ""dist200_exit"": 100.01, ""overheat1_enter"": 139.0, ""overheat2_enter"": 146.0, ""overheat3_enter"": 149.0, ""overheat4_enter"": 151.0, ""slope_thr"": 0.11, ""tp10_cap"": 0.95, ""tp10_trigger"": 0.1, ""vol_threshold"": 0.059}",0.4149484833896801,0.3852674108495826,-0.4046687159415023,True,0.4298434904581247,0.2936136649814986,0.6830710979676972,False,4184924814.766871,3673,fine_0039,phase2_core,fine_0039,,,0.3859792803756308,-0.40467363761426745,-0.0007118695260481811,4.921672765167973e-06,False
"{""dist200_enter"": 101.19, ""dist200_exit"": 99.99, ""overheat1_enter"": 139.0, ""overheat2_enter"": 146.0, ""overheat3_enter"": 149.0, ""overheat4_enter"": 151.0, ""slope_thr"": 0.09, ""tp10_cap"": 0.97, ""tp10_trigger"": 0.08, ""vol_threshold"": 0.06}",0.4199116865921628,0.3901632546148545,-0.4084677370513826,True,0.4271753597451979,0.3146992290556485,0.7366979903601197,True,4399364922.877079,3673,fine_0040,phase2_core,fine_0040,,,0.3859792803756308,-0.40467363761426745,0.004183974239223731,-0.0037940994371151726,False
"{""dist200_enter"": 101.2, ""dist200_exit"": 100.0, ""overheat1_enter"": 139.0, ""overheat2_enter"": 146.0, ""overheat3_enter"": 149.0, ""overheat4_enter"": 151.0, ""slope_thr"": 0.1, ""tp10_cap"": 0.96, ""tp10_trigger"": 0.09, ""vol_threshold"": 0.06}",0.4155272932502898,0.3858520177826821,-0.406376069352785,True,0.4215329147398878,0.3132450475096189,0.7431093434374174,True,4207752110.841606,3673,fine_0041,phase2_core,fine_0041,,,0.3859792803756308,-0.40467363761426745,-0.000127262592948707,-0.0017024317385175292,False
"{""dist200_enter"": 101.21, ""dist200_exit"": 100.01, ""overheat1_enter"": 139.0, ""overheat2_enter"": 146.0, ""overheat3_enter"": 149.0, ""overheat4_enter"": 151.0, ""slope_thr"": 0.11, ""tp10_cap"": 0.95, ""tp10_trigger"": 0.1, ""vol_threshold"": 0.06}",0.4090828403146043,0.379539554188212,-0.4044403560760539,True,0.4188797573101037,0.299066968461769,0.713968539282658,True,3937361105.44438,3673,fine_0042,phase2_core,fine_0042,,,0.3859792803756308,-0.40467363761426745,-0.006439726187418782,0.0002332815382135589,False
"{""dist200_enter"": 101.19, ""dist200_exit"": 99.99, ""overheat1_enter"": 139.0, ""overheat2_enter"": 146.0, ""overheat3_enter"": 149.0, ""overheat4_enter"": 151.0, ""slope_thr"": 0.09, ""tp10_cap"": 0.97, ""tp10_trigger"": 0.08, ""vol_threshold"": 0.061}",0.4224145865237316,0.3926078544828548,-0.4084677370513826,True,0.430748290850701,0.3147301136891791,0.7306589959245267,True,4514523007.037386,3673,fine_0043,phase2_core,fine_0043,,,0.3859792803756308,-0.40467363761426745,0.006628574107224006,-0.0037940994371151726,False
"{""dist200_enter"": 101.2, ""dist200_exit"": 100.0, ""overheat1_enter"": 139.0, ""overheat2_enter"": 146.0, ""overheat3_enter"": 149.0, ""overheat4_enter"": 151.0, ""slope_thr"": 0.1, ""tp10_cap"": 0.96, ""tp10_trigger"": 0.09, ""vol_threshold"": 0.061}",0.4180214172513474,0.3882879136775419,-0.406376069352785,True,0.4250901112371108,0.3132758267214475,0.7369633365729026,True,4317859660.949958,3673,fine_0044,phase2_core,fine_0044,,,0.3859792803756308,-0.40467363761426745,0.0023086333019111116,-0.0017024317385175292,False
"{""dist200_enter"": 101.21, ""dist200_exit"": 100.01, ""overheat1_enter"": 139.0, ""overheat2_enter"": 146.0, ""overheat3_enter"": 149.0, ""overheat4_enter"": 151.0, ""slope_thr"": 0.11, ""tp10_cap"": 0.95, ""tp10_trigger"": 0.1, ""vol_threshold"": 0.061}",0.4115644418353525,0.3819627602680018,-0.4044403560760539,True,0.4224280270946563,0.2990973289379328,0.7080432872672818,True,4040397479.102046,3673,fine_0045,phase2_core,fine_0045,,,0.3859792803756308,-0.40467363761426745,-0.004016520107628985,0.0002332815382135589,False
"{""dist200_enter"": 101.19, ""dist200_exit"": 99.99, ""overheat1_enter"": 139.0, ""overheat2_enter"": 146.0, ""overheat3_enter"": 149.0, ""overheat4_enter"": 151.0, ""slope_thr"": 0.09, ""tp10_cap"": 0.97, ""tp10_trigger"": 0.1, ""vol_threshold"": 0.059}",0.4269776242364798,0.397066226881243,-0.4087782647657388,True,0.4392474484828117,0.3104972817873084,0.7068846566093565,True,4731502604.139945,3673,fine_0046,phase2_core,fine_0046,,,0.3859792803756308,-0.40467363761426745,0.011086946505612205,-0.004104627151471363,False
"{""dist200_enter"": 101.2, ""dist200_exit"": 100.0, ""overheat1_enter"": 139.0, ""overheat2_enter"": 146.0, ""overheat3_enter"": 149.0, ""overheat4_enter"": 151.0, ""slope_thr"": 0.1, ""tp10_cap"": 0.96, ""tp10_trigger"": 0.11, ""vol_threshold"": 0.059}",0.4214000055946851,0.3916304640194641,-0.4068006925474691,True,0.4330509854642446,0.3066717709843494,0.7081655077071061,True,4465753453.66922,3673,fine_0047,phase2_core,fine_0047,,,0.3859792803756308,-0.40467363761426745,0.005651183643833324,-0.002127054933201644,False
"{""dist200_enter"": 101.21, ""dist200_exit"": 100.01, ""overheat1_enter"": 139.0, ""overheat2_enter"": 146.0, ""overheat3_enter"": 149.0, ""overheat4_enter"": 151.0, ""slope_thr"": 0.11, ""tp10_cap"": 0.95, ""tp10_trigger"": 0.12, ""vol_threshold"": 0.059}",0.4145446625832794,0.3849844600072796,-0.4049164039469496,True,0.4304030798548468,0.2915537120670117,0.6773969000531735,False,4153925893.083049,3673,fine_0048,phase2_core,fine_0048,,,0.3859792803756308,-0.40467363761426745,-0.0009948203683511903,-0.00024276633268216496,False
"{""dist200_enter"": 101.19, ""dist200_exit"": 99.99, ""overheat1_enter"": 139.0, ""overheat2_enter"": 146.0, ""overheat3_enter"": 149.0, ""overheat4_enter"": 151.0, ""slope_thr"": 0.09, ""tp10_cap"": 0.97, ""tp10_trigger"": 0.1, ""vol_threshold"": 0.06}",0.4209557688794179,0.3911842842372266,-0.4085705879238385,True,0.4280288948257202,0.3160835417457897,0.7384630934191694,True,4446903031.682867,3673,fine_0049,phase2_core,fine_0049,,,0.3859792803756308,-0.40467363761426745,0.005205003861595836,-0.0038969503095710456,False
"{""dist200_enter"": 101.2, ""dist200_exit"": 100.0, ""overheat1_enter"": 139.0, ""overheat2_enter"": 146.0, ""overheat3_enter"": 149.0, ""overheat4_enter"": 151.0, ""slope_thr"": 0.1, ""tp10_cap"": 0.96, ""tp10_trigger"": 0.11, ""vol_threshold"": 0.06}",0.4153476504373339,0.3857190364902103,-0.4065217683625494,True,0.4218183792702488,0.3122101927804741,0.7401531278001726,True,4194736674.1678414,3673,fine_0050,phase2_core,fine_0050,,,0.3859792803756308,-0.40467363761426745,-0.000260243885420508,-0.0018481307482819398,False
"{""dist200_enter"": 101.21, ""dist200_exit"": 100.01, ""overheat1_enter"": 139.0, ""overheat2_enter"": 146.0, ""overheat3_enter"": 149.0, ""overheat4_enter"": 151.0, ""slope_thr"": 0.11, ""tp10_cap"": 0.95, ""tp10_trigger"": 0.12, ""vol_threshold"": 0.06}",0.4085473163615976,0.3791275962080711,-0.404611844416092,True,0.4192441463386751,0.2969972518579553,0.7084112072921683,True,3902751047.655048,3673,fine_0051,phase2_core,fine_0051,,,0.3859792803756308,-0.40467363761426745,-0.006851684167559657,6.17931981754527e-05,False
"{""dist200_enter"": 101.19, ""dist200_exit"": 99.99, ""overheat1_enter"": 139.0, ""overheat2_enter"": 146.0, ""overheat3_enter"": 149.0, ""overheat4_enter"": 151.0, ""slope_thr"": 0.09, ""tp10_cap"": 0.97, ""tp10_trigger"": 0.1, ""vol_threshold"": 0.061}",0.4234606721104623,0.3936308925734419,-0.4085705879238385,True,0.4316042889286324,0.3161144243662928,0.7324172453220538,True,4563305987.832712,3673,fine_0052,phase2_core,fine_0052,,,0.3859792803756308,-0.40467363761426745,0.007651612197811131,-0.0038969503095710456,False
"{""dist200_enter"": 101.2, ""dist200_exit"": 100.0, ""overheat1_enter"": 139.0, ""overheat2_enter"": 146.0, ""overheat3_enter"": 149.0, ""overheat4_enter"": 151.0, ""slope_thr"": 0.1, ""tp10_cap"": 0.96, ""tp10_trigger"": 0.11, ""vol_threshold"": 0.061}",0.4178414794312575,0.3881546977043804,-0.4065217683625494,True,0.425376306357994,0.3122409106512089,0.7340345618320099,True,4304508606.6936,3673,fine_0053,phase2_core,fine_0053,,,0.3859792803756308,-0.40467363761426745,0.002175417328749596,-0.0018481307482819398,False
"{""dist200_enter"": 101.21, ""dist200_exit"": 100.01, ""overheat1_enter"": 139.0, ""overheat2_enter"": 146.0, ""overheat3_enter"": 149.0, ""overheat4_enter"": 151.0, ""slope_thr"": 0.11, ""tp10_cap"": 0.95, ""tp10_trigger"": 0.12, ""vol_threshold"": 0.061}",0.411028000699422,0.3815500666148261,-0.404611844416092,True,0.4227933866898716,0.2970273989997878,0.7025355844027523,True,4004890513.985103,3673,fine_0054,phase2_core,fine_0054,,,0.3859792803756308,-0.40467363761426745,-0.004429213760804684,6.17931981754527e-05,False
"{""dist200_enter"": 100.79, ""dist200_exit"": 99.99, ""overheat1_enter"": 139.0, ""overheat2_enter"": 146.0, ""overheat3_enter"": 149.0, ""overheat4_enter"": 151.0, ""slope_thr"": 0.09, ""tp10_cap"": 0.97, ""tp10_trigger"": 0.08, ""vol_threshold"": 0.059}",0.4257815960162747,0.3958991460208383,-0.4086805278203361,True,0.4394479715173545,0.3064267494630466,0.6972992693651456,False,4673505114.346691,3673,fine_0055,phase2_core,fine_0055,,,0.3859792803756308,-0.40467363761426745,0.009919865645207526,-0.004006890206068647,False
"{""dist200_enter"": 100.8, ""dist200_exit"": 100.0, ""overheat1_enter"": 139.0, ""overheat2_enter"": 146.0, ""overheat3_enter"": 149.0, ""overheat4_enter"": 151.0, ""slope_thr"": 0.1, ""tp10_cap"": 0.96, ""tp10_trigger"": 0.09, ""vol_threshold"": 0.059}",0.4213263787141494,0.3915184914453302,-0.4065993796049084,True,0.4336661642643942,0.3050136556597387,0.7033374535389861,True,4467540839.214712,3673,fine_0056,phase2_core,fine_0056,,,0.3859792803756308,-0.40467363761426745,0.005539211069699401,-0.001925741990640939,False
"{""dist200_enter"": 100.81, ""dist200_exit"": 100.01, ""overheat1_enter"": 139.0, ""overheat2_enter"": 146.0, ""overheat3_enter"": 149.0, ""overheat4_enter"": 151.0, ""slope_thr"": 0.11, ""tp10_cap"": 0.95, ""tp10_trigger"": 0.1, ""vol_threshold"": 0.059}",0.4148034327641583,0.3851285027744524,-0.4046736376142674,True,0.4308985010729598,0.2909576494501551,0.6752347681081632,False,4178299706.725413,3673,fine_0057,phase2_core,fine_0057,,,0.3859792803756308,-0.40467363761426745,-0.0008507776011784096,5.551115123125783e-17,False
"{""dist200_enter"": 100.79, ""dist200_exit"": 99.99, ""overheat1_enter"": 139.0, ""overheat2_enter"": 146.0, ""overheat3_enter"": 149.0, ""overheat4_enter"": 151.0, ""slope_thr"": 0.09, ""tp10_cap"": 0.97, ""tp10_trigger"": 0.08, ""vol_threshold"": 0.06}",0.4197648419734348,0.3900224920264843,-0.4084724409668776,True,0.4282287643751059,0.3119948391685629,0.7285704864404481,True,4392355226.588385,3673,fine_0058,phase2_core,fine_0058,,,0.3859792803756308,-0.40467363761426745,0.004043211650853529,-0.0037988033526101805,False
"{""dist200_enter"": 100.8, ""dist200_exit"": 100.0, ""overheat1_enter"": 139.0, ""overheat2_enter"": 146.0, ""overheat3_enter"": 149.0, ""overheat4_enter"": 151.0, ""slope_thr"": 0.1, ""tp10_cap"": 0.96, ""tp10_trigger"": 0.09, ""vol_threshold"": 0.06}",0.4153815458999987,0.3857124036876111,-0.4063809464296113,True,0.4225822818489766,0.3105456073170682,0.7348760718464096,True,4201065876.161236,3673,fine_0059,phase2_core,fine_0059,,,0.3859792803756308,-0.40467363761426745,-0.00026687668801966824,-0.0017073088153438665,False
"{""dist200_enter"": 100.81, ""dist200_exit"": 100.01, ""overheat1_enter"": 139.0, ""overheat2_enter"": 146.0, ""overheat3_enter"": 149.0, ""overheat4_enter"": 151.0, ""slope_thr"": 0.11, ""tp10_cap"": 0.95, ""tp10_trigger"": 0.1, ""vol_threshold"": 0.06}",0.4089383674978373,0.3794014061909747,-0.4044452997111547,True,0.4199271979070966,0.2963992003802824,0.7058347300616067,True,3931102786.748869,3673,fine_0060,phase2_core,fine_0060,,,0.3859792803756308,-0.40467363761426745,-0.006577874184656107,0.00022833790311271862,False
"{""dist200_enter"": 100.79, ""dist200_exit"": 99.99, ""overheat1_enter"": 139.0, ""overheat2_enter"": 146.0, ""overheat3_enter"": 149.0, ""overheat4_enter"": 151.0, ""slope_thr"": 0.09, ""tp10_cap"": 0.97, ""tp10_trigger"": 0.08, ""vol_threshold"": 0.061}",0.4222674948048206,0.3924667728656554,-0.4084724409668776,True,0.4318041694614598,0.3120257934270085,0.7226094963746246,True,4507341287.511011,3673,fine_0061,phase2_core,fine_0061,,,0.3859792803756308,-0.40467363761426745,0.006487492490024616,-0.0037988033526101805,False
"{""dist200_enter"": 100.8, ""dist200_exit"": 100.0, ""overheat1_enter"": 139.0, ""overheat2_enter"": 146.0, ""overheat3_enter"": 149.0, ""overheat4_enter"": 151.0, ""slope_thr"": 0.1, ""tp10_cap"": 0.96, ""tp10_trigger"": 0.09, ""vol_threshold"": 0.061}",0.4178754252591548,0.3881479813700932,-0.4063809464296113,True,0.4261419360695624,0.3105764637597692,0.7288099045691467,True,4311009690.009081,3673,fine_0062,phase2_core,fine_0062,,,0.3859792803756308,-0.40467363761426745,0.0021687009944624247,-0.0017073088153438665,False
"{""dist200_enter"": 100.81, ""dist200_exit"": 100.01, ""overheat1_enter"": 139.0, ""overheat2_enter"": 146.0, ""overheat3_enter"": 149.0, ""overheat4_enter"": 151.0, ""slope_thr"": 0.11, ""tp10_cap"": 0.95, ""tp10_trigger"": 0.1, ""vol_threshold"": 0.061}",0.4114197269934132,0.3818242916505849,-0.4044452997111547,True,0.4234779176335317,0.296429623825845,0.6999883854212408,False,4033986597.3334494,3673,fine_0063,phase2_core,fine_0063,,,0.3859792803756308,-0.40467363761426745,-0.004154988725045883,0.00022833790311271862,False
"{""dist200_enter"": 100.79, ""dist200_exit"": 99.99, ""overheat1_enter"": 139.0, ""overheat2_enter"": 146.0, ""overheat3_enter"": 149.0, ""overheat4_enter"": 151.0, ""slope_thr"": 0.09, ""tp10_cap"": 0.97, ""tp10_trigger"": 0.1, ""vol_threshold"": 0.059}",0.4268299924493757,0.3969244882225526,-0.4087829279442432,True,0.4403092467945537,0.3078017967175055,0.699058216374739,False,4723991450.570292,3673,fine_0064,phase2_core,fine_0064,,,0.3859792803756308,-0.40467363761426745,0.010945207846921823,-0.004109290329975757,False
"{""dist200_enter"": 100.8, ""dist200_exit"": 100.0, ""overheat1_enter"": 139.0, ""overheat2_enter"": 146.0, ""overheat3_enter"": 149.0, ""overheat4_enter"": 151.0, ""slope_thr"": 0.1, ""tp10_cap"": 0.96, ""tp10_trigger"": 0.11, ""vol_threshold"": 0.059}",0.4212539091109584,0.3914903015757252,-0.4068055394963379,True,0.4341082666965425,0.3039872307684712,0.700256719554639,True,4458696447.517266,3673,fine_0065,phase2_core,fine_0065,,,0.3859792803756308,-0.40467363761426745,0.00551102120009439,-0.002131901882070464,False
"{""dist200_enter"": 100.81, ""dist200_exit"": 100.01, ""overheat1_enter"": 139.0, ""overheat2_enter"": 146.0, ""overheat3_enter"": 149.0, ""overheat4_enter"": 151.0, ""slope_thr"": 0.11, ""tp10_cap"": 0.95, ""tp10_trigger"": 0.12, ""vol_threshold"": 0.059}",0.4143999383555643,0.3848458458086403,-0.4049213137743709,True,0.43145843572655,0.2889028952442516,0.6695961217162355,False,4147362010.38296,3673,fine_0066,phase2_core,fine_0066,,,0.3859792803756308,-0.40467363761426745,-0.0011334345669904988,-0.0002476761601034605,False
"{""dist200_enter"": 100.79, ""dist200_exit"": 99.99, ""overheat1_enter"": 139.0, ""overheat2_enter"": 146.0, ""overheat3_enter"": 149.0, ""overheat4_enter"": 151.0, ""slope_thr"": 0.09, ""tp10_cap"": 0.97, ""tp10_trigger"": 0.1, ""vol_threshold"": 0.06}",0.4208087381794119,0.3910433148408689,-0.4085752704373981,True,0.429082924172852,0.3133759910588571,0.7303389937107276,True,4439817520.179917,3673,fine_0067,phase2_core,fine_0067,,,0.3859792803756308,-0.40467363761426745,0.005064034465238121,-0.003901632823130663,False
"{""dist200_enter"": 100.8, ""dist200_exit"": 100.0, ""overheat1_enter"": 139.0, ""overheat2_enter"": 146.0, ""overheat3_enter"": 149.0, ""overheat4_enter"": 151.0, ""slope_thr"": 0.1, ""tp10_cap"": 0.96, ""tp10_trigger"": 0.11, ""vol_threshold"": 0.06}",0.4152021512675166,0.3855796463823666,-0.4065266420533807,True,0.4228678930286427,0.3095136840692438,0.7319394287716214,True,4188082133.7979465,3673,fine_0068,phase2_core,fine_0068,,,0.3859792803756308,-0.40467363761426745,-0.00039963399326420346,-0.0018530044391132372,False
"{""dist200_enter"": 100.81, ""dist200_exit"": 100.01, ""overheat1_enter"": 139.0, ""overheat2_enter"": 146.0, ""overheat3_enter"": 149.0, ""overheat4_enter"": 151.0, ""slope_thr"": 0.11, ""tp10_cap"": 0.95, ""tp10_trigger"": 0.12, ""vol_threshold"": 0.06}",0.4084031798889509,0.3789897565995479,-0.4046167836059137,True,0.4202917897912961,0.2943347139087839,0.7003104059085747,True,3896558370.405477,3673,fine_0069,phase2_core,fine_0069,,,0.3859792803756308,-0.40467363761426745,-0.006989523776082862,5.68540083537572e-05,False
"{""dist200_enter"": 100.79, ""dist200_exit"": 99.99, ""overheat1_enter"": 139.0, ""overheat2_enter"": 146.0, ""overheat3_enter"": 149.0, ""overheat4_enter"": 151.0, ""slope_thr"": 0.09, ""tp10_cap"": 0.97, ""tp10_trigger"": 0.1, ""vol_threshold"": 0.061}",0.4233133938952891,0.3934896043054883,-0.4085752704373981,True,0.432660794364134,0.3134069444317622,0.7243710280991951,True,4556046497.190773,3673,fine_0070,phase2_core,fine_0070,,,0.3859792803756308,-0.40467363761426745,0.00751032392985751,-0.003901632823130663,False
"{""dist200_enter"": 100.8, ""dist200_exit"": 100.0, ""overheat1_enter"": 139.0, ""overheat2_enter"": 146.0, ""overheat3_enter"": 149.0, ""overheat4_enter"": 151.0, ""slope_thr"": 0.1, ""tp10_cap"": 0.96, ""tp10_trigger"": 0.11, ""vol_threshold"": 0.061}",0.4176957360423552,0.3880149898156511,-0.4065266420533807,True,0.4264282797783858,0.3095444758056394,0.7259004397328179,True,4297691129.375286,3673,fine_0071,phase2_core,fine_0071,,,0.3859792803756308,-0.40467363761426745,0.0020357094400202946,-0.0018530044391132372,False
"{""dist200_enter"": 100.81, ""dist200_exit"": 100.01, ""overheat1_enter"": 139.0, ""overheat2_enter"": 146.0, ""overheat3_enter"": 149.0, ""overheat4_enter"": 151.0, ""slope_thr"": 0.11, ""tp10_cap"": 0.95, ""tp10_trigger"": 0.12, ""vol_threshold"": 0.061}",0.4108836227731904,0.3814119067503327,-0.4046167836059137,True,0.4238434822395651,0.2943649200709848,0.6945132635178842,False,3998546948.7092113,3673,fine_0072,phase2_core,fine_0072,,,0.3859792803756308,-0.40467363761426745,-0.004567373625298077,5.68540083537572e-05,False
"{""dist200_enter"": 101.19, ""dist200_exit"": 99.79, ""overheat1_enter"": 139.0, ""overheat2_enter"": 146.0, ""overheat3_enter"": 149.0, ""overheat4_enter"": 151.0, ""slope_thr"": 0.11, ""tp10_cap"": 0.97, ""tp10_trigger"": 0.08, ""vol_threshold"": 0.059}",0.4210868559014136,0.3913034178792245,-0.408663158545605,True,0.4371362658702447,0.2970018566628716,0.6794262564136712,False,4454074019.66133,3673,fine_0073,phase2_core,fine_0073,,,0.3859792803756308,-0.40467363761426745,0.005324137503593729,-0.003989520931337531,False
"{""dist200_enter"": 101.2, ""dist200_exit"": 99.8, ""overheat1_enter"": 139.0, ""overheat2_enter"": 146.0, ""overheat3_enter"": 149.0, ""overheat4_enter"": 151.0, ""slope_thr"": 0.12, ""tp10_cap"": 0.96, ""tp10_trigger"": 0.09, ""vol_threshold"": 0.059}",0.4185653229844239,0.3888191389995374,-0.4065945234270995,True,0.434185095489189,0.2955015730955468,0.6805889381407949,False,4342222820.461994,3673,fine_0074,phase2_core,fine_0074,,,0.3859792803756308,-0.40467363761426745,0.0028398586239066215,-0.0019208858128320627,False
"{""dist200_enter"": 101.21, ""dist200_exit"": 99.81, ""overheat1_enter"": 139.0, ""overheat2_enter"": 146.0, ""overheat3_enter"": 149.0, ""overheat4_enter"": 151.0, ""slope_thr"": 0.13, ""tp10_cap"": 0.95, ""tp10_trigger"": 0.1, ""vol_threshold"": 0.059}",0.4160438283107244,0.386337116394718,-0.4046687159415023,True,0.4314155966003787,0.2936258629370496,0.6806102172727796,False,4232720130.890877,3673,fine_0075,phase2_core,fine_0075,,,0.3859792803756308,-0.40467363761426745,0.00035783601908723206,4.921672765167973e-06,False
"{""dist200_enter"": 101.19, ""dist200_exit"": 99.79, ""overheat1_enter"": 139.0, ""overheat2_enter"": 146.0, ""overheat3_enter"": 149.0, ""overheat4_enter"": 151.0, ""slope_thr"": 0.11, ""tp10_cap"": 0.97, ""tp10_trigger"": 0.08, ""vol_threshold"": 0.06}",0.4150900069054415,0.3854462247524828,-0.4084549996718329,True,0.4259323929084755,0.3025360087149851,0.7102911489053948,True,4186126065.6872654,3673,fine_0076,phase2_core,fine_0076,,,0.3859792803756308,-0.40467363761426745,-0.0005330556231479822,-0.0037813620575654627,False
"{""dist200_enter"": 101.2, ""dist200_exit"": 99.8, ""overheat1_enter"": 139.0, ""overheat2_enter"": 146.0, ""overheat3_enter"": 149.0, ""overheat4_enter"": 151.0, ""slope_thr"": 0.12, ""tp10_cap"": 0.96, ""tp10_trigger"": 0.09, ""vol_threshold"": 0.06}",0.4126320684762408,0.3830245644556191,-0.406376069352785,True,0.4230958667138735,0.3009969121798548,0.7114153927280258,True,4083197417.092837,3673,fine_0077,phase2_core,fine_0077,,,0.3859792803756308,-0.40467363761426745,-0.0029547159200116746,-0.0017024317385175292,False
"{""dist200_enter"": 101.21, ""dist200_exit"": 99.81, ""overheat1_enter"": 139.0, ""overheat2_enter"": 146.0, ""overheat3_enter"": 149.0, ""overheat4_enter"": 151.0, ""slope_thr"": 0.13, ""tp10_cap"": 0.95, ""tp10_trigger"": 0.1, ""vol_threshold"": 0.06}",0.4101736109385714,0.3806046388307256,-0.4044403560760539,True,0.4204389797983476,0.2990804147710224,0.7113527268914703,True,3982347004.444753,3673,fine_0078,phase2_core,fine_0078,,,0.3859792803756308,-0.40467363761426745,-0.00537464154490519,0.0002332815382135589,False
"{""dist200_enter"": 101.19, ""dist200_exit"": 99.79, ""overheat1_enter"": 139.0, ""overheat2_enter"": 146.0, ""overheat3_enter"": 149.0, ""overheat4_enter"": 151.0, ""slope_thr"": 0.11, ""tp10_cap"": 0.97, ""tp10_trigger"": 0.08, ""vol_threshold"": 0.061}",0.4175845217998613,0.3878825492849669,-0.4084549996718329,True,0.4295031338039683,0.3025646727513198,0.7044527709765557,True,4295719055.831137,3673,fine_0079,phase2_core,fine_0079,,,0.3859792803756308,-0.40467363761426745,0.00190326890933612,-0.0037813620575654627,False
"{""dist200_enter"": 101.2, ""dist200_exit"": 99.8, ""overheat1_enter"": 139.0, ""overheat2_enter"": 146.0, ""overheat3_enter"": 149.0, ""overheat4_enter"": 151.0, ""slope_thr"": 0.12, ""tp10_cap"": 0.96, ""tp10_trigger"": 0.09, ""vol_threshold"": 0.061}",0.4151212374144986,0.3854554542538142,-0.406376069352785,True,0.4266574585008247,0.3010262467542703,0.7055454926582245,True,4190074031.9353695,3673,fine_0080,phase2_core,fine_0080,,,0.3859792803756308,-0.40467363761426745,-0.0005238261218165619,-0.0017024317385175292,False
"{""dist200_enter"": 101.21, ""dist200_exit"": 99.81, ""overheat1_enter"": 139.0, ""overheat2_enter"": 146.0, ""overheat3_enter"": 149.0, ""overheat4_enter"": 151.0, ""slope_thr"": 0.13, ""tp10_cap"": 0.95, ""tp10_trigger"": 0.1, ""vol_threshold"": 0.061}",0.4126572956989265,0.3830299454488541,-0.4044403560760539,True,0.4239916376665849,0.2991104400982034,0.7054630646593447,True,4086558934.897788,3673,fine_0081,phase2_core,fine_0081,,,0.3859792803756308,-0.40467363761426745,-0.002949334926776681,0.0002332815382135589,False
"{""dist200_enter"": 101.19, ""dist200_exit"": 99.79, ""overheat1_enter"": 139.0, ""overheat2_enter"": 146.0, ""overheat3_enter"": 149.0, ""overheat4_enter"": 151.0, ""slope_thr"": 0.11, ""tp10_cap"": 0.97, ""tp10_trigger"": 0.1, ""vol_threshold"": 0.059}",0.4220274424359727,0.3922234338161272,-0.408765637693777,True,0.437996424170471,0.2980495720253635,0.6804840304115376,False,4497348306.704256,3673,fine_0082,phase2_core,fine_0082,,,0.3859792803756308,-0.40467363761426745,0.006244153440496392,-0.00409200007950955,False
"{""dist200_enter"": 101.2, ""dist200_exit"": 99.8, ""overheat1_enter"": 139.0, ""overheat2_enter"": 146.0, ""overheat3_enter"": 149.0, ""overheat4_enter"": 151.0, ""slope_thr"": 0.12, ""tp10_cap"": 0.96, ""tp10_trigger"": 0.11, ""vol_threshold"": 0.059}",0.418496667096786,0.3887946256678412,-0.4068006925474691,True,0.4346278474491649,0.2944928477801012,0.6775747332079216,False,4333786019.789556,3673,fine_0083,phase2_core,fine_0083,,,0.3859792803756308,-0.40467363761426745,0.0028153452922103916,-0.002127054933201644,False
"{""dist200_enter"": 101.21, ""dist200_exit"": 99.81, ""overheat1_enter"": 139.0, ""overheat2_enter"": 146.0, ""overheat3_enter"": 149.0, ""overheat4_enter"": 151.0, ""slope_thr"": 0.13, ""tp10_cap"": 0.95, ""tp10_trigger"": 0.12, ""vol_threshold"": 0.059}",0.4156400642614546,0.38605429584159,-0.4049164039469496,True,0.4319763539877308,0.2915658098070131,0.6749578006190918,False,4201386180.68539,3673,fine_0084,phase2_core,fine_0084,,,0.3859792803756308,-0.40467363761426745,7.501546595922726e-05,-0.00024276633268216496,False
"{""dist200_enter"": 101.19, ""dist200_exit"": 99.79, ""overheat1_enter"": 139.0, ""overheat2_enter"": 146.0, ""overheat3_enter"": 149.0, ""overheat4_enter"": 151.0, ""slope_thr"": 0.11, ""tp10_cap"": 0.97, ""tp10_trigger"": 0.1, ""vol_threshold"": 0.06}",0.4160265487698709,0.3863621796458443,-0.4085579084959277,True,0.4267854518148199,0.3035884629606298,0.7113374218115459,True,4226807848.231509,3673,fine_0085,phase2_core,fine_0085,,,0.3859792803756308,-0.40467363761426745,0.00038289927021351033,-0.003884270881660268,False
"{""dist200_enter"": 101.2, ""dist200_exit"": 99.8, ""overheat1_enter"": 139.0, ""overheat2_enter"": 146.0, ""overheat3_enter"": 149.0, ""overheat4_enter"": 151.0, ""slope_thr"": 0.12, ""tp10_cap"": 0.96, ""tp10_trigger"": 0.11, ""vol_threshold"": 0.06}",0.4124566807610161,0.3828956771917193,-0.4065217683625494,True,0.4233820538077404,0.2999828160747388,0.7085392811924955,True,4070727180.81812,3673,fine_0086,phase2_core,fine_0086,,,0.3859792803756308,-0.40467363761426745,-0.0030836031839114875,-0.0018481307482819398,False
"{""dist200_enter"": 101.21, ""dist200_exit"": 99.81, ""overheat1_enter"": 139.0, ""overheat2_enter"": 146.0, ""overheat3_enter"": 149.0, ""overheat4_enter"": 151.0, ""slope_thr"": 0.13, ""tp10_cap"": 0.95, ""tp10_trigger"": 0.12, ""vol_threshold"": 0.06}",0.4096380382414055,0.3801927034657018,-0.404611844416092,True,0.4208043024097445,0.2970106079983559,0.7058164716889026,True,3947359922.439801,3673,fine_0087,phase2_core,fine_0087,,,0.3859792803756308,-0.40467363761426745,-0.005786576909929009,6.17931981754527e-05,False
"{""dist200_enter"": 101.19, ""dist200_exit"": 99.79, ""overheat1_enter"": 139.0, ""overheat2_enter"": 146.0, ""overheat3_enter"": 149.0, ""overheat4_enter"": 151.0, ""slope_thr"": 0.11, ""tp10_cap"": 0.97, ""tp10_trigger"": 0.1, ""vol_threshold"": 0.061}",0.418522876521705,0.3888003215394873,-0.4085579084959277,True,0.430358652233481,0.3036171039436595,0.7054978501488083,True,4337467020.523173,3673,fine_0088,phase2_core,fine_0088,,,0.3859792803756308,-0.40467363761426745,0.002821041163856508,-0.003884270881660268,False
"{""dist200_enter"": 101.2, ""dist200_exit"": 99.8, ""overheat1_enter"": 139.0, ""overheat2_enter"": 146.0, ""overheat3_enter"": 149.0, ""overheat4_enter"": 151.0, ""slope_thr"": 0.12, ""tp10_cap"": 0.96, ""tp10_trigger"": 0.11, ""vol_threshold"": 0.061}",0.4149455618864341,0.3853263388571979,-0.4065217683625494,True,0.4269443780753477,0.3000120890573949,0.7026959586863291,True,4177282290.5777526,3673,fine_0089,phase2_core,fine_0089,,,0.3859792803756308,-0.40467363761426745,-0.0006529415184328702,-0.0018481307482819398,False
"{""dist200_enter"": 101.21, ""dist200_exit"": 99.81, ""overheat1_enter"": 139.0, ""overheat2_enter"": 146.0, ""overheat3_enter"": 149.0, ""overheat4_enter"": 151.0, ""slope_thr"": 0.13, ""tp10_cap"": 0.95, ""tp10_trigger"": 0.12, ""vol_threshold"": 0.061}",0.4121208054586229,0.3826172745851193,-0.404611844416092,True,0.424357932880677,0.2970404222331473,0.6999761267964102,False,4050665093.481257,3673,fine_0090,phase2_core,fine_0090,,,0.3859792803756308,-0.40467363761426745,-0.003362005790511491,6.17931981754527e-05,False
"{""cap_weight"": 0.8, ""hold_days"": 2, ""min_cash_days"": 3}",0.4086688371568674,0.3788455975328284,-0.39490610033857276,,0.4249448515518879,0.28396962100016543,0.6682505270110122,False,3953537175.3621464,3673,,reentry_ramp,reentry_ramp:d2:cap0.80:cash3,100.04999999999998,-0.5263792434859196,0.3859792803756308,-0.40467363761426745,-0.007133682842802358,0.009767537275694682,False
"{""cap_weight"": 0.8, ""hold_days"": 2, ""min_cash_days"": 5}",0.40834666437285594,0.37853061057160686,-0.4019994577753666,,0.4233882588416744,0.2862676271757485,0.6761350160227234,False,3940336951.548262,3673,,reentry_ramp,reentry_ramp:d2:cap0.80:cash5,100.85,-0.5311425869875546,0.3859792803756308,-0.40467363761426745,-0.007448669804023922,0.0026741798389008364,False
"{""cap_weight"": 0.9, ""hold_days"": 2, ""min_cash_days"": 3}",0.4122045638372398,0.382444650944489,-0.399800089169296,,0.4279628688822139,0.28879805987448814,0.674820366142495,False,4084327997.0268846,3673,,reentry_ramp,reentry_ramp:d2:cap0.90:cash3,101.05,-0.5303775297651778,0.3859792803756308,-0.40467363761426745,-0.0035346294311418003,0.004873548444971454,False
"{""cap_weight"": 0.9, ""hold_days"": 2, ""min_cash_days"": 5}",0.4120355789756438,0.382279464635533,-0.4033456917593381,,0.42717245453090746,0.28994986999529737,0.6787653719706743,False,4077182270.32907,3673,,reentry_ramp,reentry_ramp:d2:cap0.90:cash5,101.44999999999999,-0.5327565170019637,0.3859792803756308,-0.40467363761426745,-0.0036998157400978116,0.0013279458549293466,False
"{""cap_weight"": 0.95, ""hold_days"": 2, ""min_cash_days"": 3}",0.41395352540097763,0.38422570800635514,-0.4022417062754854,,0.4294468442974049,0.29120856048998056,0.6781015260838891,False,4150379749.2388377,3673,,reentry_ramp,reentry_ramp:d2:cap0.95:cash3,101.64999999999999,-0.5323684977837471,0.3859792803756308,-0.40467363761426745,-0.0017535723692756466,0.0024319313387820563,False
"{""cap_weight"": 0.95, ""hold_days"": 2, ""min_cash_days"": 5}",0.4138662396005004,0.38414039157911173,-0.40401453440012525,,0.4290480106756722,0.2917839462415033,0.6800729498360728,False,4146630804.7287664,3673,,reentry_ramp,reentry_ramp:d2:cap0.95:cash5,101.85,-0.5335575180417838,0.3859792803756308,-0.40467363761426745,-0.001838888796519056,0.0006591032141421982,False
"{""cap_weight"": 0.8, ""hold_days"": 3, ""min_cash_days"": 3}",0.4020711172454292,0.37226195375812443,-0.396169284048559,,0.41913362106795304,0.27577368240329725,0.6579612527876564,False,3705506597.489204,3673,,reentry_ramp,reentry_ramp:d3:cap0.80:cash3,98.64999999999999,-0.5274186950160085,0.3859792803756308,-0.40467363761426745,-0.013717326617506354,0.008504353565708445,False
"{""cap_weight"": 0.8, ""hold_days"": 3, ""min_cash_days"": 5}",0.40237347212526053,0.3725561030093829,-0.4032522971560476,,0.41883090863171013,0.2773210578758296,0.6621313092240904,False,3717361412.405713,3673,,reentry_ramp,reentry_ramp:d3:cap0.80:cash5,99.55,-0.5323297372184224,0.3859792803756308,-0.40467363761426745,-0.013423177366247874,0.0014213404582198441,False
"{""cap_weight"": 0.9, ""hold_days"": 3, ""min_cash_days"": 3}",0.4091359883852632,0.3793765910068285,-0.40044015141600997,,0.42538824029187716,0.2846964777225087,0.6692626893662275,False,3964229972.175173,3673,,reentry_ramp,reentry_ramp:d3:cap0.90:cash3,100.24999999999999,-0.5309167757587846,0.3859792803756308,-0.40467363761426745,-0.006602689368802261,0.0042334861982574745,False
"{""cap_weight"": 0.9, ""hold_days"": 3, ""min_cash_days"": 5}",0.40927900637725,0.37951582573818743,-0.4039847655697295,,0.4252234603530223,0.2854754630374168,0.6713539812700218,False,3970186009.356505,3673,,reentry_ramp,reentry_ramp:d3:cap0.90:cash5,100.75,-0.5333735130469287,0.3859792803756308,-0.40467363761426745,-0.0064634546374433555,0.0006888720445379359,False
"{""cap_weight"": 0.95, ""hold_days"": 3, ""min_cash_days"": 3}",0.41245271824121943,0.38272413913919756,-0.40257427387484457,,0.42820398195928,0.28916430390743386,0.6752956910497201,False,4090464908.1944113,3673,,reentry_ramp,reentry_ramp:d3:cap0.95:cash3,101.14999999999999,-0.5326614799808036,0.3859792803756308,-0.40467363761426745,-0.0032551412364332233,0.002099363739422877,False
"{""cap_weight"": 0.95, ""hold_days"": 3, ""min_cash_days"": 5}",0.412519978684752,0.3827896373090798,-0.4043476439845245,,0.428115674324131,0.28955388367877566,0.6763449718020632,False,4093346055.8903656,3673,,reentry_ramp,reentry_ramp:d3:cap0.95:cash5,101.44999999999999,-0.5338900958049158,0.3859792803756308,-0.40467363761426745,-0.0031896430665510067,0.0003259936297429489,False
"{""cap_weight"": 0.8, ""hold_days"": 5, ""min_cash_days"": 3}",0.3914814320490816,0.3618314571184118,-0.3952296133752726,,0.40849555004281535,0.2657969503089046,0.6506728170748637,False,3324211139.5896225,3673,,reentry_ramp,reentry_ramp:d5:cap0.80:cash3,97.55,-0.5256555815892354,0.3859792803756308,-0.40467363761426745,-0.02414782325721898,0.00944402423899482,False
"{""cap_weight"": 0.8, ""hold_days"": 5, ""min_cash_days"": 5}",0.3926653437148018,0.3629848576337005,-0.40233091807566645,,0.40978746490119633,0.26666231478589975,0.650733215693151,False,3366189808.7238426,3673,,reentry_ramp,reentry_ramp:d5:cap0.80:cash5,98.65,-0.5308049156937382,0.3859792803756308,-0.40467363761426745,-0.02299442274193031,0.0023427195386009902,False
"{""cap_weight"": 0.9, ""hold_days"": 5, ""min_cash_days"": 3}",0.4045174508250118,0.3748187850995617,-0.40011290491731755,,0.42094040500611785,0.2799169925510483,0.6649800998480534,False,3783047045.314657,3673,,reentry_ramp,reentry_ramp:d5:cap0.90:cash3,99.55,-0.5302898401775864,0.3859792803756308,-0.40467363761426745,-0.011160495276069105,0.0045607326969498985,False
"{""cap_weight"": 0.9, ""hold_days"": 5, ""min_cash_days"": 5}",0.40504593297203884,0.37533401961397583,-0.4036704379746464,,0.4214942927834868,0.2803520937966808,0.6651385287930626,False,3804076226.5138483,3673,,reentry_ramp,reentry_ramp:d5:cap0.90:cash5,100.25,-0.5328562471384006,0.3859792803756308,-0.40467363761426745,-0.010645260761654951,0.001003199639621033,False
"{""cap_weight"": 0.95, ""hold_days"": 5, ""min_cash_days"": 3}",0.41051545363358355,0.3808078915119104,-0.40254718070538154,,0.4263979283170196,0.28702117848110276,0.6731298616153393,False,4011749352.632498,3673,,reentry_ramp,reentry_ramp:d5:cap0.95:cash3,100.64999999999999,-0.532587848555762,0.3859792803756308,-0.40467363761426745,-0.005171388863720372,0.0021264569088859098,False
"{""cap_weight"": 0.95, ""hold_days"": 5, ""min_cash_days"": 5}",0.4107204307812835,0.38100776073009235,-0.4043276350601075,,0.4265901556602292,0.28723757839000763,0.6733338183705927,False,4020347293.427099,3673,,reentry_ramp,reentry_ramp:d5:cap0.95:cash5,101.05,-0.5338612686031864,0.3859792803756308,-0.40467363761426745,-0.004971519645538436,0.00034600255415995207,False
"{""enter_dist"": 148.0, ""exit_dist"": 140.0, ""trim_to"": 0.9}",0.4156743616862226,0.3859792803756308,-0.40467363761426745,,0.4308985010729598,0.2936024227756351,0.6813725785644408,False,4216176717.128256,3673,,overheat_buffer,overheat_buffer:e148:x140:trim0.90,102.35,-0.5343459511576858,0.3859792803756308,-0.40467363761426745,0.0,0.0,False
"{""enter_dist"": 148.0, ""exit_dist"": 140.0, ""trim_to"": 0.95}",0.4156743616862226,0.3859792803756308,-0.40467363761426745,,0.4308985010729598,0.2936024227756351,0.6813725785644408,False,4216176717.128256,3673,,overheat_buffer,overheat_buffer:e148:x140:trim0.95,102.35,-0.5343459511576858,0.3859792803756308,-0.40467363761426745,0.0,0.0,False
"{""enter_dist"": 148.0, ""exit_dist"": 145.0, ""trim_to"": 0.9}",0.4156743616862226,0.3859792803756308,-0.40467363761426745,,0.4308985010729598,0.2936024227756351,0.6813725785644408,False,4216176717.128256,3673,,overheat_buffer,overheat_buffer:e148:x145:trim0.90,102.35,-0.5343459511576858,0.3859792803756308,-0.40467363761426745,0.0,0.0,False
"{""enter_dist"": 148.0, ""exit_dist"": 145.0, ""trim_to"": 0.95}",0.4156743616862226,0.3859792803756308,-0.40467363761426745,,0.4308985010729598,0.2936024227756351,0.6813725785644408,False,4216176717.128256,3673,,overheat_buffer,overheat_buffer:e148:x145:trim0.95,102.35,-0.5343459511576858,0.3859792803756308,-0.40467363761426745,0.0,0.0,False
"{""enter_dist"": 150.0, ""exit_dist"": 140.0, ""trim_to"": 0.9}",0.4156743616862226,0.3859792803756308,-0.40467363761426745,,0.4308985010729598,0.2936024227756351,0.6813725785644408,False,4216176717.128256,3673,,overheat_buffer,overheat_buffer:e150:x140:trim0.90,102.35,-0.5343459511576858,0.3859792803756308,-0.40467363761426745,0.0,0.0,False
"{""enter_dist"": 150.0, ""exit_dist"": 140.0, ""trim_to"": 0.95}",0.4156743616862226,0.3859792803756308,-0.40467363761426745,,0.4308985010729598,0.2936024227756351,0.6813725785644408,False,4216176717.128256,3673,,overheat_buffer,overheat_buffer:e150:x140:trim0.95,102.35,-0.5343459511576858,0.3859792803756308,-0.40467363761426745,0.0,0.0,False
"{""enter_dist"": 150.0, ""exit_dist"": 145.0, ""trim_to"": 0.9}",0.4156743616862226,0.3859792803756308,-0.40467363761426745,,0.4308985010729598,0.2936024227756351,0.6813725785644408,False,4216176717.128256,3673,,overheat_buffer,overheat_buffer:e150:x145:trim0.90,102.35,-0.5343459511576858,0.3859792803756308,-0.40467363761426745,0.0,0.0,False
"{""enter_dist"": 150.0, ""exit_dist"": 145.0, ""trim_to"": 0.95}",0.4156743616862226,0.3859792803756308,-0.40467363761426745,,0.4308985010729598,0.2936024227756351,0.6813725785644408,False,4216176717.128256,3673,,overheat_buffer,overheat_buffer:e150:x145:trim0.95,102.35,-0.5343459511576858,0.3859792803756308,-0.40467363761426745,0.0,0.0,False
"{""enter_dist"": 152.0, ""exit_dist"": 140.0, ""trim_to"": 0.9}",0.4156743616862226,0.3859792803756308,-0.40467363761426745,,0.4308985010729598,0.2936024227756351,0.6813725785644408,False,4216176717.128256,3673,,overheat_buffer,overheat_buffer:e152:x140:trim0.90,102.35,-0.5343459511576858,0.3859792803756308,-0.40467363761426745,0.0,0.0,False
"{""enter_dist"": 152.0, ""exit_dist"": 140.0, ""trim_to"": 0.95}",0.4156743616862226,0.3859792803756308,-0.40467363761426745,,0.4308985010729598,0.2936024227756351,0.6813725785644408,False,4216176717.128256,3673,,overheat_buffer,overheat_buffer:e152:x140:trim0.95,102.35,-0.5343459511576858,0.3859792803756308,-0.40467363761426745,0.0,0.0,False
"{""enter_dist"": 152.0, ""exit_dist"": 145.0, ""trim_to"": 0.9}",0.4156743616862226,0.3859792803756308,-0.40467363761426745,,0.4308985010729598,0.2936024227756351,0.6813725785644408,False,4216176717.128256,3673,,overheat_buffer,overheat_buffer:e152:x145:trim0.90,102.35,-0.5343459511576858,0.3859792803756308,-0.40467363761426745,0.0,0.0,False
"{""enter_dist"": 152.0, ""exit_dist"": 145.0, ""trim_to"": 0.95}",0.4156743616862226,0.3859792803756308,-0.40467363761426745,,0.4308985010729598,0.2936024227756351,0.6813725785644408,False,4216176717.128256,3673,,overheat_buffer,overheat_buffer:e152:x145:trim0.95,102.35,-0.5343459511576858,0.3859792803756308,-0.40467363761426745,0.0,0.0,False
